Time (days),Sucrose input (mol of sucrose),Final deficit in sucrose of the whole root system (mol of sucrose),Cumulated amount of C present in the root-soil system (mol of C),Cumulated amount of C that has been respired by roots (mol of C),Cumulated amount of C that has been degraded in the soil (mol of C),Root structural mass (g),Root necromass (g),Root length (m),Root surface (m2),Sucrose in the root (mol of sucrose),Hexose in the mobile pool of the roots (mol of hexose),Hexose in the reserve pool of the roots (mol of hexose),Hexose in the soil (mol of hexose),Deficit of sucrose in the root (mol of sucrose),Deficit of hexose in the mobile pool of the roots (mol of hexose),Deficit of hexose in the soil (mol of hexose),CO2 originating from root growth (mol of C),CO2 originating from root maintenance (mol of C),Structural mass produced (g),Hexose unloaded from phloem (mol of hexose),Sucrose reloaded in the phloem (mol of hexose),Hexose mobilized from reserve (mol of hexose),Hexose stored as reserve (mol of hexose),Hexose emitted in the soil (mol of hexose),Hexose taken up from the soil (mol of hexose),Hexose degraded in the soil (mol of hexose),Concentration of hexose in the main root tip (mol of hexose per g)
0.0,0.0,0.0,6.591148286197458e-07,0.0,0.0,1.2063715789784805e-05,0.0,0.0006666666666666666,1.0053096491487338e-06,1.2063715789784804e-08,1.2063715789784804e-08,0.0,0.0,0.0,0.0,0.0,0.0,0.0,0.0,0.0,0.0,0.0,0.0,0.0,0.0,0.0,NA
0.041666667,7.8120001209024e-07,0.0,1.0317545129388669e-05,1.4537287261647301e-08,0.0,2.1793815847513556e-05,0.0,0.0007540121201461096,1.1370234899369676e-06,7.92901816403436e-07,6.985651210231782e-10,0.0,1.511977983690641e-11,0.0,0.0,0.0,1.447645894774176e-08,6.082831390554144e-11,1.5805660894588058e-06,7.238229531776719e-10,0.0,0.0,0.0,1.511977983690641e-11,0.0,0.0,0.0
0.083333334,1.1844000159264e-06,0.0,2.428500278810187e-05,1.5388966625319753e-08,5.401096565295706e-12,1.5211999119334857e-05,0.0,0.0007590699720007064,1.1446505508470541e-06,1.947338652019289e-06,5.992344854863078e-08,0.0,1.489813313095553e-11,0.0,0.0,0.0,8.382781452278149e-10,1.3401218444636707e-11,-8.058009237348909e-06,5.992636062109317e-08,0.0,0.0,0.0,8.513429609825112e-13,1.7280690605077183e-13,9.001827608826177e-13,0.0023187473908590083
0.125000001,1.3572000150048e-06,0.0,4.0566730307332774e-05,8.744406159433373e-08,1.0724173042352437e-11,2.4902439742269928e-05,0.0,0.0011929363593342224,1.7989056492885823e-06,3.140975411613704e-06,3.270239329843258e-07,0.0,9.209600505306871e-11,0.0,0.0,0.0,7.190813825835692e-08,1.4695671065704828e-10,6.374868672128132e-06,3.271265108207703e-07,0.0,0.0,0.0,7.8255343593325e-11,1.7029225836902079e-13,8.871794128427886e-13,0.011287904868744822
0.166666668,1.4364000140256e-06,0.0,5.757580985507823e-05,1.9365602008448245e-07,4.963802151756035e-11,3.316046201892474e-05,0.0,0.001832517863028793,2.763371834910395e-06,4.339028418561272e-06,5.67920220217726e-07,1.4696315398222845e-07,5.49559605770129e-10,0.0,0.0,0.0,1.0600294592492447e-07,2.090125652242612e-10,8.258022276654814e-06,4.7669401415606594e-07,0.0,0.0,1.4696315398222845e-07,4.652127783752837e-10,1.2635362456887839e-12,6.485641412534652e-12,0.015056937063196598
0.20833333499999998,1.4724000132192003e-06,0.0,7.513770936119964e-05,3.0033013851184424e-07,2.7617210314174734e-10,4.477636235336608e-05,0.0,0.0024744372924347443,3.731363529447174e-06,5.482175272608382e-06,1.0599611002251345e-06,2.238818117668304e-07,1.3526120679522938e-09,0.0,0.0,0.0,1.0639042900773464e-07,2.836894196271576e-10,1.1615900334441339e-05,6.585063183441801e-07,0.0,6.574590508224731e-08,1.4266456286684924e-07,8.486631735614862e-10,7.855031108623717e-12,3.7755680270697836e-11,0.020807332237884286
0.250000002,1.4904000127872002e-06,0.0,9.291504659974545e-05,4.0733703287302513e-07,7.32192642547709e-10,5.642035980632946e-05,0.0,0.0031179094285418833,4.701696650527455e-06,6.597174336087571e-06,1.6624826811677419e-06,2.821017990316473e-07,2.4039423407160575e-09,0.0,0.0,0.0,1.0664777147860429e-07,3.591228825766122e-10,1.1643997452963382e-05,7.50801898616022e-07,0.0,9.004689497127697e-08,1.4826688223609385e-07,1.1440653398872132e-09,1.6731643889121928e-11,7.600342323432694e-11,0.02561439481875855
0.291666669,1.4976000123840002e-06,0.0,0.00011077828667169028,5.145874793752512e-07,1.441822803491892e-09,6.808273444552716e-05,0.0,0.0037623971271592005,5.67356120379393e-06,7.675959940954786e-06,2.3511004341278333e-06,3.4041367222763576e-07,3.899059269846145e-09,0.0,0.0,0.0,1.0681608875674307e-07,4.343577454829462e-10,1.16623746391977e-05,8.376288150335669e-07,0.0,1.086600450443417e-07,1.6697191824033026e-07,1.640666617204262e-09,2.7277994583477682e-11,1.182716934906972e-10,0.019010551874635833
0.333333336,1.5012000122399995e-06,0.0,0.0001286843591375923,6.219376903875937e-07,2.419292769089544e-09,7.974787349997479e-05,0.0,0.004407037593259777,6.6456561249979e-06,8.714877309210566e-06,3.126308453295873e-06,3.9873936749987397e-07,5.648413881216972e-09,0.0,0.0,0.0,1.0684140813069848e-07,5.088028816440147e-10,1.1665139054447638e-05,9.245652879684384e-07,0.0,1.2727760712418063e-07,1.856033023964188e-07,1.9512400572776153e-09,3.8973784973845295e-11,1.62911660932942e-10,0.021316270070357836
0.37500000299999997,1.5012000120096e-06,0.0,0.00014659019465031243,7.292650912451908e-07,3.6565233066111984e-09,9.140234586374729e-05,0.0,0.0050510885952814,7.5493934623001515e-06,9.722801341660484e-06,3.963401450162354e-06,4.5701172931873634e-07,7.578434719074689e-09,0.0,0.0,0.0,1.0674371154547059e-07,5.836893121265011e-10,1.165447236377248e-05,9.865519591193678e-07,0.0,1.4587814516556583e-07,2.0415050698442825e-07,2.187152184172837e-09,5.0926256728178644e-11,2.0620508958694237e-10,0.024326604714858466
0.41666666999999996,1.4976000116928e-06,0.0,0.0001644524656656197,8.36686313637636e-07,5.164425920482457e-09,0.00010305887731537276,0.0,0.005695253386889853,8.520771083268941e-06,1.0694628043945552e-05,4.867400671873961e-06,5.129052341306954e-07,9.902425642153256e-09,0.0,0.0,0.0,1.0676257080163996e-07,6.586515908052409e-10,1.165653145162548e-05,1.051546618815457e-06,0.0,1.6448196951119068e-07,2.203754743231498e-07,2.639109130158675e-09,6.38011047682306e-11,2.513171023118764e-10,0.016394033903172234
0.45833333699999995,1.4940000116352e-06,0.0,0.00018227120804016988,9.441837515666453e-07,6.9247530637207706e-09,0.00011471563581164539,0.0,0.006339430725469795,9.492167624624994e-06,1.1630362281649272e-05,5.831328084838959e-06,5.735781790582269e-07,1.2447554559651626e-08,0.0,0.0,0.0,1.0676465031133944e-07,7.327876176698493e-10,1.1656758496272624e-05,1.1165315478629627e-06,0.0,1.822522030430652e-07,2.4292514797059657e-07,2.9146017837305783e-09,7.608500902582277e-11,2.933878572063856e-10,0.01845388094059394
0.500000004,1.4904000115776001e-06,0.0,0.00020004654191745053,1.051640633144157e-06,8.93413313667994e-09,0.000126359798171277,0.0,0.00698291197467117,1.0415570580325337e-05,1.254051923051901e-05,6.8414701168658134e-06,6.317989908563849e-07,1.5226937965663536e-08,0.0,0.0,0.0,1.0664928186442663e-07,8.075997130852221e-10,1.1644162359631604e-05,1.1604861254157211e-06,0.0,2.0167023949471997e-07,2.59891051292878e-07,3.2029458878520726e-09,8.86658030136344e-11,3.3489667882652813e-10,0.021381755040325946
0.541666671,6.695999199936001e-07,0.0,0.00020797194521226647,1.1591620373402371e-06,1.120847404785075e-08,0.00013800282215370365,0.0,0.007626330314720021,1.1385822578860894e-05,1.2607657909510238e-05,7.902133203420546e-06,6.835152549977938e-07,1.8378208137310156e-08,0.0,0.0,0.0,1.0663885542861724e-07,8.825487674628454e-10,1.1643023982426673e-05,1.2049224820047414e-06,0.0,2.2025250591933109e-07,2.7196877006074005e-07,3.632524743449659e-09,1.0219775327456648e-10,3.7905681852846847e-10,0.013815352601815888
0.583333338,3.394799657424e-07,0.0,0.00021193557164178305,1.266780126249824e-06,1.3723544530494906e-08,0.00014964833373503142,0.0,0.008269886124790238,1.2356281877304873e-05,1.237432031644807e-05,8.890205071325274e-06,7.48241668675157e-07,2.1751757977553098e-08,0.0,0.0,0.0,1.0666163943215254e-07,9.564494774342165e-10,1.1645511581327754e-05,1.1456351176091415e-06,0.0,2.3646925106336657e-07,3.0119566474073e-07,3.907445004298042e-09,1.1471675028107552e-10,4.191784137740262e-10,0.015178513384076726
0.625000005,1.96199984376e-07,0.0,0.00021417968205791782,1.3743138554196416e-06,1.6479211737940764e-08,0.0001612764999026054,0.0,0.008912483390298341,1.3265809023033872e-05,1.2050159647313115e-05,9.779823058308137e-06,8.063824995130269e-07,2.5330832986854932e-08,0.0,0.0,0.0,1.065027721935012e-07,1.0309569763164133e-09,1.1628166167573968e-05,1.0407213070219097e-06,0.0,2.5739729590373656e-07,3.1553812674160647e-07,4.165913815751592e-09,1.2756093854211443e-10,4.5927786790764314e-10,0.01692039989811369
0.666666672,1.2707999216928e-07,0.0,0.000215594160146737,1.4817825378337627e-06,1.9492346536090585e-08,0.00017288943625810667,0.0,0.009554239023905845,1.4233553719325648e-05,1.1707960954828479e-05,1.0578294600262472e-05,8.533583923373248e-07,2.9118276765280532e-08,0.0,0.0,0.0,1.063632818231065e-07,1.1054005910146062e-09,1.1612936355501297e-05,9.385573693078421e-07,0.0,2.759315424753906e-07,3.2290743529968876e-07,4.430838318913598e-09,1.4120540746302884e-10,5.021891330249699e-10,0.008974806470173213
0.708333339,9.071999578079998e-08,0.0,0.00021657207636748834,1.5892774001100105e-06,2.2721212878050755e-08,0.0001844973343903698,0.0,0.010195716234550586,1.5200878563680908e-05,1.137480359315821e-05,1.1263776977761313e-05,9.224866719518489e-07,3.2930288741738556e-08,0.0,0.0,0.0,1.0631713656390884e-07,1.1777257123389468e-09,1.1607898132263113e-05,8.477547149021341e-07,0.0,2.9019649176235127e-07,3.593247713768754e-07,4.503123708142226e-09,1.5296734135750831e-10,5.381443903266952e-10,0.009465499714746396
0.7500000059999999,7.091999771616e-08,0.0,0.00021731243114845076,1.6965249127978243e-06,2.6158891821731465e-08,0.00019607021409257864,0.0,0.010835258252055587,1.6165285205531645e-05,1.106588526013205e-05,1.1872585542297924e-05,9.803510704628933e-07,3.6822187531036454e-08,0.0,0.0,0.0,1.0599640156366078e-07,1.2511111241530808e-09,1.1572879702208865e-05,7.596766614846433e-07,0.0,3.1292806419518006e-07,3.707924627062245e-07,4.629366857321404e-09,1.645215774100526e-10,5.729464906134519e-10,0.010718583660448427
0.7916666729999999,5.975999878176001e-08,0.0,0.00021791893864025571,1.8034816648803999e-06,2.981463331540407e-08,0.00020760329986735374,0.0,0.011472601172249434,1.7126375686762907e-05,1.0785094937807942e-05,1.2420290064036192e-05,1.0209440166026223e-06,4.076866118917618e-08,0.0,0.0,0.0,1.0563192761935292e-07,1.324824463222649e-09,1.1533085774775105e-05,6.811006422117456e-07,0.0,3.313348692389756e-07,3.7192781537870476e-07,4.732138456528274e-09,1.763745494431168e-10,6.092902489454342e-10,0.0050425008821270234
0.8333333399999999,5.3279999389439995e-08,0.0,0.00021844746484732237,1.910485459647657e-06,3.364462415477214e-08,0.00021913390488121303,0.0,0.012109807000303565,1.8087259437917846e-05,1.052701364437256e-05,1.2880513643654426e-05,1.090664719750019e-06,4.466852897531121e-08,0.0,0.0,0.0,1.0560920624515883e-07,1.3945885220985019e-09,1.153060501385928e-05,6.227225856496426e-07,0.0,3.426815877476811e-07,4.124022908950775e-07,4.724552954355756e-09,1.863533616593842e-10,6.38331806561344e-10,0.00539693008424914
0.8750000069999999,4.931999972928e-08,0.0,0.000218928720169239,2.017070039348038e-06,3.76447192890126e-08,0.00023061088784782617,0.0,0.012744049559650082,1.8983030076679507e-05,1.0287300056293827e-05,1.3303763350149453e-05,1.1530544392391308e-06,4.8586779416170206e-08,0.0,0.0,0.0,1.0511808007787634e-07,1.466499622504578e-09,1.147698296661314e-05,5.780671756160213e-07,0.0,3.6650205202649687e-07,4.288917715156092e-07,4.781106466292458e-09,1.9617350306005075e-10,6.666825223734107e-10,0.006414108661932833
0.9166666739999999,4.6799999930879996e-08,0.0,0.0002193803514051956,2.122852081074498e-06,4.183144077654692e-08,0.0002419923168128997,0.0,0.013373011601053112,1.993148249043564e-05,1.006449832028432e-05,1.3718700014289822e-05,1.1855993009211324e-06,5.248533313553855e-08,0.0,0.0,0.0,1.0424289770505073e-07,1.5391440214090658e-09,1.1381428965073557e-05,5.39203471880772e-07,0.0,3.8621974072314594e-07,4.1876460240514776e-07,4.802802991102582e-09,2.0646235714518507e-10,6.977869145890533e-10,0.0028363618677515047
0.9583333409999999,4.5360000097920004e-08,0.0,0.00021981431544668403,2.228871941125207e-06,4.616754041250602e-08,0.0002533924712776916,0.0,0.014003008453512406,2.0881495362501624e-05,9.85425609296337e-06,1.4165413009014369e-05,1.1582409920975727e-06,5.6332838658978464e-08,0.0,0.0,0.0,1.0441440519831893e-07,1.605454852389807e-09,1.1400154464791851e-05,5.112044548377489e-07,0.0,3.931784293595552e-07,3.6582012053599555e-07,4.7854437987327075e-09,2.1525500263294856e-10,7.226832726598492e-10,0.006881871712854645
1.000000008,5.1120001514879996e-08,0.0,0.00022031656107642425,2.335573589526115e-06,5.0660280449883804e-08,0.00026485825512727454,0.0,0.014636632125763917,2.1836977349966873e-05,9.664834561821911e-06,1.4413076539300606e-05,1.299077310357633e-06,6.037331936468743e-08,0.0,0.0,0.0,1.0501550698142724e-07,1.6861414194809717e-09,1.1465783849582972e-05,4.810830653126733e-07,0.0,3.740098978888494e-07,5.148462161489099e-07,5.0135044946882674e-09,2.2423378274967607e-10,7.487900062296314e-10,0.003526142393814041
1.0416666749999999,7.812001522655998e-07,0.0,0.0002295828112071515,2.438996831628863e-06,5.5388734807118474e-08,0.0002759595640080019,0.0,0.015250114133804792,2.2713697294093916e-05,1.0214275876538254e-05,1.4854226984937528e-05,1.231850633420251e-06,6.415709751472876e-08,0.0,0.0,0.0,1.0167726825841131e-07,1.7459738443367868e-09,1.1101308880727393e-05,4.6351767509852046e-07,0.0,4.330467974733776e-07,3.6582012053599555e-07,4.8077900222484015e-09,2.359361460013021e-10,7.880757262057782e-10,0.006475852259712398
1.083333342,1.1844000933408e-06,0.0,0.00024368459450124558,2.5451291991952124e-06,6.027419323637214e-08,0.00028734782324116174,0.0,0.015879453630391355,2.3662718896857233e-05,1.1149883123648848e-05,1.5070587674746297e-05,1.4211132150195101e-06,6.807957665825439e-08,0.0,0.0,0.0,1.0430545636438946e-07,1.8269112019600272e-09,1.1388259233159817e-05,4.975856924604139e-07,0.0,4.0898525101906326e-07,5.982478326183225e-07,4.981386552707614e-09,2.446643376396854e-10,8.142430715422777e-10,0.002541372985685454
1.1250000089999999,1.3572000481824e-06,0.0,0.0002598621533273139,2.648890336409944e-06,6.535480814207146e-08,0.00029847109395090133,0.0,0.01649414929594842,2.4589658122668864e-05,1.2215997236451783e-05,1.561048047181549e-05,1.3735947787358596e-06,7.181784967655679e-08,0.0,0.0,0.0,1.0187841740252672e-07,1.882719812204638e-09,1.1123270709739596e-05,5.82171870758932e-07,0.0,4.710996284832242e-07,4.235811921995738e-07,4.83975853252484e-09,2.547163632725461e-10,8.467691509498857e-10,0.006495544579015235
1.166666676,1.4364000292320001e-06,0.0,0.0002769873764175615,2.7552456820038818e-06,7.057672308456189e-08,0.00030986811009706166,0.0,0.017123972718226046,2.547484344920659e-05,1.3325582072257603e-05,1.6013805840991918e-05,1.5318062661283058e-06,7.572472905030707e-08,0.0,0.0,0.0,1.0438566123048508e-07,1.9696843634526942e-09,1.1397016146160289e-05,6.536303868523573e-07,0.0,4.498704513445408e-07,6.080819387369871e-07,5.039908140055383e-09,2.627096092233484e-10,8.703191570817389e-10,0.0039495694728455336
1.2083333429999998,1.4724000201311998e-06,0.0,0.0002945465180154488,2.859472965515955e-06,7.600808325954913e-08,0.0003210259470034299,0.0,0.01774057858553913,2.640466319140394e-05,1.4425861228726318e-05,1.6751786202666327e-05,1.447823639867412e-06,7.956227342635706e-08,0.0,0.0,0.0,1.0219501038134063e-07,2.032273130732434e-09,1.1157836906368229e-05,7.442417273249675e-07,0.0,5.075638184604675e-07,4.23581192199574e-07,5.0159593235139054e-09,2.731882516327279e-10,9.052266958312064e-10,0.007045834967476011
1.25000001,1.4904000162432001e-06,0.0,0.0003123187861682183,2.9664171780737668e-06,8.159591285061742e-08,0.0003324712197511136,0.0,0.018373068770549138,2.7358435920377586e-05,1.5505208706055176e-05,1.7289106814554668e-05,1.6398212008026541e-06,8.37087413422208e-08,0.0,0.0,0.0,1.048276450966267e-07,2.1165674611851845e-09,1.1445272747683715e-05,8.221050778286834e-07,0.0,4.7093102690121384e-07,6.629285878364562e-07,5.359481996672965e-09,2.8170914896450443e-10,9.313049318447142e-10,0.003948401074309215
1.2916666769999998,1.4976000137664e-06,0.0,0.00033017891378437085,3.0716495547549744e-06,8.74360852136409e-08,0.00034372254775655976,0.0,0.018994841155415464,2.8243036325581595e-05,1.6548241571805414e-05,1.8167354055587817e-05,1.579459645296132e-06,8.774439463396555e-08,0.0,0.0,0.0,1.0305129855986538e-07,2.1810781213421617e-09,1.1251328005446139e-05,9.091342960323164e-07,0.0,5.41703819369674e-07,4.813422638631521e-07,5.302896419856978e-09,2.938810676083083e-10,9.733620605039128e-10,0.008136011624241098
1.333333344,1.5012000129311996e-06,0.0,0.0003480800389130228,3.1788845739409304e-06,9.347609255007912e-08,0.00035518348396270413,0.0,0.01962819693655045,2.9198114342760294e-05,1.756292201045525e-05,1.886553696816687e-05,1.7611012852068273e-06,9.209908145377085e-08,0.0,0.0,0.0,1.049711072491413e-07,2.263911936814519e-09,1.146093620614437e-05,9.730391485627127e-07,0.0,5.185690894029717e-07,7.002107293136669e-07,5.665544895520774e-09,3.0419018630911176e-10,1.0066678894063706e-09,0.003616845888512684
1.375000011,1.5012000120095998e-06,0.0,0.0003659818809280941,3.2851473858976287e-06,9.977140963727765e-08,0.00036653115404384394,0.0,0.020255293390018993,3.0143753516188613e-05,1.8539393179142245e-05,1.9862966777748928e-05,1.7207435401815855e-06,9.64358827476147e-08,0.0,0.0,0.0,1.0393369893085988e-07,2.3291130258385214e-09,1.1347670081139825e-05,1.0494576866452243e-06,0.0,5.794610805519717e-07,5.391033355267304e-07,5.702768807608262e-09,3.1674799923132174e-10,1.0492195145330899e-09,0.008358411125815073
1.416666678,1.4976000110016e-06,0.0,0.00038383892664928986,3.392787663665118e-06,1.0628554269320165e-07,0.0003780202106590081,0.0,0.02089020316493775,3.1071370574411646e-05,1.9488281825693784e-05,2.0713661955934853e-05,1.873607422804214e-06,1.0112137367630026e-07,0.0,0.0,0.0,1.0522866303847736e-07,2.4116147290118727e-09,1.1489056615164133e-05,1.0974227289001253e-06,0.0,5.583043870405964e-07,7.111682696632248e-07,6.099316875937318e-09,3.281371045977533e-10,1.085688842653999e-09,0.006039502286029065
1.458333345,1.4940000109439998e-06,0.0,0.00040165356086797877,3.499335673748122e-06,1.131034452492184e-07,0.00038938245432041177,0.0,0.021518104985537384,3.201822421286195e-05,2.0403814739337225e-05,2.172268839066707e-05,1.9285252270608267e-06,1.0583889128097598e-07,0.0,0.0,0.0,1.0406717885164132e-07,2.4808312313628135e-09,1.1362243661403641e-05,1.1569341946011023e-06,0.0,6.16826957684107e-07,6.7174476194072e-07,6.196766261313891e-09,3.429315639687232e-10,1.1363170926694582e-09,0.004138428433400729
1.5000000119999999,1.4904000108864e-06,0.0,0.0004194241976414773,3.6064480283925274e-06,1.2015444774312436e-07,0.0004007984386278379,0.0,0.022148976628865988,3.2969556238480795e-05,2.1291757455700135e-05,2.2869375218374445e-05,1.8931160404674848e-06,1.10742352178091e-07,0.0,0.0,0.0,1.0455939126917855e-07,2.552963375226699e-09,1.1415984307426146e-05,1.2049145890469804e-06,0.0,6.322735937836505e-07,5.968644071903086e-07,6.4339354366570655e-09,3.5530745722438485e-10,1.17516708231766e-09,0.008874932920325027
1.541666679,6.695997624000002e-07,0.0,0.00042734399687143767,3.714534363800198e-06,1.2746603117503144e-07,0.00041231196234592935,0.0,0.022785238508081274,3.389642928407754e-05,2.1342308472733204e-05,2.386230473777951e-05,2.0434488102224004e-06,1.1604272856391238e-07,0.0,0.0,0.0,1.0545275807218647e-07,2.6335773354839963e-09,1.1513523718091407e-05,1.238097490733862e-06,0.0,6.114999841477117e-07,7.618327539026275e-07,6.8879642536987095e-09,3.68990629226155e-10,1.2185972386511811e-09,0.006521452399989594
1.5833333459999999,3.3947990235936e-07,0.0,0.0004313030733368979,3.821560081100583e-06,1.3512267672669045e-07,0.00042370206793735743,0.0,0.02341468003836406,3.484560475002988e-05,2.108690369654854e-05,2.4904995927751534e-05,2.0965406738801733e-06,1.2136706006479742e-07,0.0,0.0,0.0,1.0432236722300647e-07,2.7033500773782574e-09,1.1390105591428102e-05,1.1897693570880295e-06,0.0,6.710668662219204e-07,7.241587298796934e-07,6.986511791541507e-09,3.860726987132692e-10,1.2761075919431708e-09,0.003784544036419063
1.625000013,1.9619995686624002e-07,0.0,0.0004335421052659913,3.929017665897403e-06,1.430326452312697e-07,0.0004351316232342269,0.0,0.02404630164351647,3.579806769143568e-05,2.0728289388675446e-05,2.5950306334449066e-05,2.066365158887599e-06,1.2684364667074504e-07,0.0,0.0,0.0,1.0468368842629672e-07,2.7738963705227193e-09,1.142955529686951e-05,1.1096285294786682e-06,0.0,6.848009938464609e-07,6.546254788538869e-07,7.194910929078392e-09,3.9999623903420694e-10,1.3183280840965415e-09,0.00829056867019499
1.6666666799999998,1.2707997889824e-07,0.0,0.00043495063373911005,4.037266620960968e-06,1.512149638278311e-07,0.0004466388325599847,0.0,0.024682214575942683,3.673337187513524e-05,2.0349739274588728e-05,2.67204422713671e-05,2.2119698628178975e-06,1.3269469662460278e-07,0.0,0.0,0.0,1.0539492433653433e-07,2.854030727031016e-09,1.1507209325757723e-05,1.0112601859699008e-06,0.0,6.648545710388892e-07,8.104592749691877e-07,7.629629231310946e-09,4.148595113596677e-10,1.3637197660935634e-09,0.005393045727827806
1.708333347,9.071998879968e-08,0.0,0.00043612829054487856,4.143838306263111e-06,1.5975450378593237e-07,0.000457955586398929,0.0,0.025307602531922605,3.767643469504727e-05,1.99900849553018e-05,2.751030891056037e-05,2.2628595184411583e-06,1.384228173368867e-07,0.0,0.0,0.0,1.0365053600970975e-07,2.9211492924336497e-09,1.1316753838944294e-05,9.347699770786625e-07,0.0,7.247403401780557e-07,7.756299958013168e-07,7.584366954733606e-09,4.32989582766178e-10,1.4232566596835454e-09,0.00263356659310443
1.7500000139999998,7.091999391456e-08,0.0,0.0004368635728257792,4.2508252933346265e-06,1.685251627885615e-07,0.0004693103566774675,0.0,0.025935091357444255,3.862266555159215e-05,1.962864849667662e-05,2.8303837531428853e-05,2.2396381656471014e-06,1.4420302674158237e-07,0.0,0.0,0.0,1.0399872988201678e-07,2.9882571894987102e-09,1.135477027853857e-05,8.647129050794937e-07,0.0,7.356079033115215e-07,7.123865505174651e-07,7.6886063215464e-09,4.4662041641251206e-10,1.4617765004381905e-09,0.006853183732296033
1.791666681,5.975999663904e-08,0.0,0.0004374636499172847,4.358844990659886e-06,1.7754833362620938e-07,0.00048076889916132256,0.0,0.026568314856379675,3.95775440919134e-05,1.9291908491213907e-05,2.886298167337597e-05,2.3779706643647076e-06,1.5025312354339528e-07,0.0,0.0,0.0,1.0494918306470818e-07,3.0705142605506623e-09,1.1458542483855025e-05,7.930000042034862e-07,0.0,7.17835645362136e-07,8.56168144079742e-07,8.015023403517238e-09,4.6106479542965133e-10,1.5038618062746453e-09,0.0037086872700527007
1.8333333479999998,5.3279998145280005e-08,0.0,0.0004379884383358069,4.4640688076828265e-06,1.8689607582434069e-07,0.0004919154090704453,0.0,0.027184294769664285,4.0372368598466933e-05,1.897727528712185e-05,2.957082088261644e-05,2.312934325032429e-06,1.5612055422261124e-07,0.0,0.0,0.0,1.0209126602561932e-07,3.132550997321168e-09,1.1146509909122709e-05,7.358264044746702e-07,0.0,7.774228898497439e-07,7.123865505174651e-07,7.903431908276902e-09,4.780441960390964e-10,1.5579570330218823e-09,0.00701157484384824
1.875000015,4.931999896895999e-08,0.0,0.00043846295803334626,4.571795024420085e-06,1.9649014917525804e-07,0.0005033262720902237,0.0,0.027814883399713677,4.132327385011514e-05,1.868586089319727e-05,2.996848734994075e-05,2.5014522218962035e-06,1.6217660399342737e-07,0.0,0.0,0.0,1.0451248522020926e-07,3.213731517049468e-09,1.1410863019778455e-05,6.814687857870731e-07,0.0,7.536257590340609e-07,9.421436558978362e-07,8.147224209154668e-09,4.921622131856098e-10,1.5990122251528916e-09,0.0027379442475776983
1.9166666819999998,4.679999944703999e-08,0.0,0.000438909059018881,4.6774186171991726e-06,2.0636556422599383e-07,0.0005145012714521923,0.0,0.028432437700931065,4.225452379694585e-05,1.8406819604333156e-05,3.0572581100827564e-05,2.4556775254157913e-06,1.6805549030437696e-07,0.0,0.0,0.0,1.0235220189999821e-07,3.271390879089229e-09,1.1174999361968564e-05,6.516825766223134e-07,0.0,8.159223186614555e-07,7.701476221810432e-07,8.032289688330295e-09,5.075008689247611e-10,1.6459025084559657e-09,0.006405975050963272
1.958333349,4.535999982144e-08,0.0,0.00043933555473421414,4.78514746806829e-06,2.1646099588081975e-07,0.000525896902866754,0.0,0.029062184599986895,4.320415974815933e-05,1.8146712967296118e-05,3.093334187803803e-05,2.6106191874653496e-06,1.740669587230655e-07,0.0,0.0,0.0,1.0437297842634652e-07,3.3558724427711734e-09,1.1395631414561704e-05,6.109332737169372e-07,0.0,7.947326097298278e-07,9.496742717793862e-07,8.214513287482992e-09,5.204729263235015e-10,1.6825719424709854e-09,0.0032460816891858035
2.000000016,5.11200026208e-08,0.0,0.00043982599035800006,4.897784703439248e-06,2.2682816817357081e-07,0.0005378221391484238,0.0,0.02973442152153638,4.4207298493103314e-05,1.7903362576170288e-05,3.150474586966525e-05,2.5289900632426473e-06,1.7991637917241954e-07,0.0,0.0,0.0,1.092236475431557e-07,3.413587827801926e-09,1.192523628166973e-05,5.889407874932523e-07,0.0,8.517767464037456e-07,7.701476221810434e-07,8.112533353118036e-09,5.352508549721319e-10,1.7278620487918468e-09,0.0057638306815813185
2.041666683,7.812002924409597e-07,0.0,0.0004490072772132466,5.080339499160463e-06,2.3739002649736385e-07,0.0005573718682499735,0.0,0.03093801987572948,4.592376283907106e-05,1.8387242471261397e-05,3.1755081783324474e-05,2.7157165404251673e-06,1.8593758174334354e-07,0.0,0.0,0.0,1.7905663841931588e-07,3.4981573019000477e-09,1.9549729101549756e-05,5.946407946997143e-07,0.0,8.148353618874809e-07,1.001561839070001e-06,8.328578111258938e-09,5.4706581970277e-10,1.7603097206321716e-09,0.0018305964547179895
2.0833333499999998,1.1844001707551998e-06,0.0,0.0004630310744325869,5.258513822972161e-06,2.48220532407546e-07,0.0005764269048871374,0.0,0.03211412169816606,4.753164875811494e-05,1.925125373051484e-05,3.2298721508371726e-05,2.659120984055808e-06,1.9181994231875516e-07,0.0,0.0,0.0,1.7452573319478893e-07,3.648590616908355e-09,1.9055036637163904e-05,6.407778230034864e-07,0.0,8.845042502139803e-07,8.279086938446215e-07,8.248949130604134e-09,5.615042368288383e-10,1.8050843183636899e-09,0.005365603207075897
2.125000017,1.3572000813599997e-06,0.0,0.0004791244541955826,5.44044077319164e-06,2.5931479551246906e-07,0.0005958757603795638,0.0,0.033311645414965035,4.923935259304299e-05,2.0258556943878994e-05,3.256232673552811e-05,2.938252830723704e-06,1.9795124654647918e-07,0.0,0.0,0.0,1.781327335784334e-07,3.794216641045835e-09,1.9448855492426337e-05,6.997937359916964e-07,0.0,8.624100365873335e-07,1.14154188325523e-06,8.555750086449483e-09,5.754020079049319e-10,1.8490438508205148e-09,0.0010899578536991193
2.166666684,1.4364000444384e-06,0.0,0.00049617569095341,5.614577647265082e-06,2.7074169687215664e-07,0.0006144654221555705,0.0,0.03445626485994197,5.087161422632998e-05,2.1299253744612877e-05,3.3342417969583274e-05,2.7993141849296596e-06,2.0376895052059498e-07,0.0,0.0,0.0,1.702633489023606e-07,3.873525171081259e-09,1.8589661776006642e-05,7.914064874090054e-07,0.0,9.66847339638666e-07,8.279086938446217e-07,8.314015861488588e-09,5.918283274248487e-10,1.9044835599479283e-09,0.005336269856103067
2.208333351,1.4724000270431998e-06,0.0,0.0005136520907644675,5.7953249102781234e-06,2.823949473200201e-07,0.0006337592805435411,0.0,0.03564238285752327,5.250012106745282e-05,2.234590740327267e-05,3.37067718573026e-05,3.130379136094213e-06,2.0996735630001196e-07,0.0,0.0,0.0,1.7671310979007353e-07,4.034153222968071e-09,1.9293858387970712e-05,8.514927367668364e-07,0.0,9.166550471743611e-07,1.2477199983389149e-06,8.745036922288957e-09,6.044227348947691e-10,1.942208407977242e-09,0.0023170142702892546
2.2500000179999997,1.4904000196992e-06,0.0,0.0005313764653960259,5.964290583610868e-06,2.9439993773536433e-07,0.0006523179437135266,0.0,0.03675466777783226,5.408332856522407e-05,2.336332173394033e-05,3.459395558611699e-05,3.0432000004531947e-06,2.158769193122932e-07,0.0,0.0,0.0,1.648431668791133e-07,4.122506453631665e-09,1.799787645505457e-05,9.459713780630558e-07,0.0,1.0182246033268002e-06,9.310454676857816e-07,8.531887818495549e-09,6.214930703235718e-10,2.0008317358907085e-09,0.004445712767016094
2.291666685,1.4976000151488002e-06,0.0,0.0005491342721311523,6.144916721293892e-06,3.06622187795614e-07,0.000671012122753182,0.0,0.03793865479148578,5.5772875445355166e-05,2.4358029576233436e-05,3.526149707777224e-05,3.225376777537431e-06,2.2223033777443955e-07,0.0,0.0,0.0,1.7635689082883293e-07,4.269246854190458e-09,1.869417903965541e-05,1.0057843457114044e-06,0.0,9.83432120913812e-07,1.165608897998049e-06,9.024246872178324e-09,6.337867333236757e-10,2.0370416767082797e-09,0.0052664273538280005
2.333333352,1.5012000136223999e-06,0.0,0.0005669569145523484,6.324057376811053e-06,3.192392745508952e-07,0.0006900922944155799,0.0,0.039110106896303856,5.739280411217169e-05,2.5319751324609782e-05,3.610097818804104e-05,3.3100818233737708e-06,2.2853712461478573e-07,0.0,0.0,0.0,1.747559457517821e-07,4.384709765379298e-09,1.9080171662397937e-05,1.0789565304920836e-06,0.0,1.0424806487204518e-06,1.1271856945567918e-06,9.062180107628117e-09,6.525454747350215e-10,2.102847792546865e-09,0.0019148913196543765
2.375000019,1.5012000120095998e-06,0.0,0.0005847981933043822,6.48421458011414e-06,3.3220346332909325e-07,0.0007070892639441745,0.0,0.040169499986435625,5.88234110980274e-05,2.6257672860732175e-05,3.701065734525537e-05,3.387902114071874e-06,2.3495717909081926e-07,0.0,0.0,0.0,1.556758260586042e-07,4.481377244482344e-09,1.69969695285946e-05,1.1265569517744149e-06,0.0,1.0843271860154758e-06,1.1621474767135796e-06,9.250410852389875e-09,6.696582466567582e-10,2.1606981296996763e-09,0.0056582831641083745
2.4166666859999997,1.4976000103104e-06,0.0,0.0006025757653936051,6.664523604190525e-06,3.455224737546513e-07,0.0007262713508536917,0.0,0.041347923017874426,6.050579603028484e-05,2.7160947999089247e-05,3.7900580618332276e-05,3.530635103918137e-06,2.41553060330129e-07,0.0,0.0,0.0,1.7568939099074505e-07,4.619633085640054e-09,1.918208690951725e-05,1.1886497439066351e-06,0.0,1.1089326182282547e-06,1.2516656080745177e-06,9.503068334612092e-09,6.873520243760633e-10,2.219835070926343e-09,0.0019941702884579845
2.458333353,1.4940000102528002e-06,0.0,0.0006203113758535754,6.843229954134013e-06,3.5920578687445046e-07,0.0007452664089166701,0.0,0.042517761413049145,6.21029246969234e-05,2.8035992192707235e-05,3.896887122689719e-05,3.5454949468205994e-06,2.482650400354553e-07,0.0,0.0,0.0,1.7397638737955768e-07,4.729962563930661e-09,1.8995058062978393e-05,1.23791163326962e-06,0.0,1.152125260623992e-06,1.1669851035264552e-06,9.698036171378606e-09,7.055042794190787e-10,2.2805521866331937e-09,0.006035115689354358
2.50000002,1.4904000101952004e-06,0.0,0.0006380012751098439,7.024066267120515e-06,3.7327033996194516e-07,0.0007644790267946321,0.0,0.04369751730297543,6.372908737757803e-05,2.8888469306534872e-05,3.9940191856158924e-05,3.69329701725499e-06,2.551919719445309e-07,0.0,0.0,0.0,1.7596902517641607e-07,4.867287810085738e-09,1.9212617877961986e-05,1.2758457927351416e-06,0.0,1.1564908698914688e-06,1.3042929403258595e-06,9.995677755439372e-09,7.246536651146421e-10,2.3440921812491194e-09,0.0031931611039176353
2.5416666869999998,6.695996048064003e-07,0.0,0.0006458430245751452,7.20304967580746e-06,3.8773272365062435e-07,0.0007834768860002122,0.0,0.04486767840460642,6.539747962053689e-05,2.8898348488068335e-05,4.1048452725767164e-05,3.7491743637279925e-06,2.622522749195192e-07,0.0,0.0,0.0,1.7400204314058526e-07,4.981365546360037e-09,1.899785920558003e-05,1.319440846545895e-06,0.0,1.1993759397621852e-06,1.2552532862351885e-06,1.021519424520611e-08,7.444939887711752e-10,2.4103972814465335e-09,0.0059034631624000685
2.5833333539999996,3.3947983897632e-07,0.0,0.0006497207481521472,7.384222546657171e-06,4.025943435144293e-07,0.0008026997673579598,0.0,0.04604816127347865,6.708312624193045e-05,2.8600281950017516e-05,4.2019044242155355e-05,3.896347473407666e-06,2.6953263529412116e-07,0.0,0.0,0.0,1.7606302873929684e-07,5.109842110414921e-09,1.9222881357747614e-05,1.2750927540542443e-06,0.0,1.2146121349158518e-06,1.3617852445955265e-06,1.0522104240599702e-08,7.648072220302889e-10,2.476936643967491e-09,0.0020630821448242203
2.625000021,1.9619992935648004e-07,0.0,0.0006518806255271153,7.563443470422411e-06,4.17895197058937e-07,0.0008216974741130981,0.0,0.04721803046096174,6.862791062061708e-05,2.819533548340941e-05,4.299513010077335e-05,3.966803300803143e-06,2.7686301376366916e-07,0.0,0.0,0.0,1.7400064684176883e-07,5.220276923471166e-09,1.8997706755138393e-05,1.2022927919291656e-06,0.0,1.2703539889134794e-06,1.3408098163089557e-06,1.0667262512834476e-08,7.867417858685729e-10,2.5501422574179518e-09,0.005898511067340468
2.666666688,1.270799656272e-07,0.0,0.0006532088880401179,7.744414475549626e-06,4.3362126645549327e-07,0.0008408715352381752,0.0,0.04839562484460281,7.030935385807534e-05,2.7756789344031523e-05,4.386312385460993e-05,4.072718002521163e-06,2.8434666742784106e-07,0.0,0.0,0.0,1.7561588255617387e-07,5.355122571041116e-09,1.9174061125077015e-05,1.1312522100101902e-06,0.0,1.2919402346761425e-06,1.397854936394163e-06,1.0913157764930393e-08,8.084925346657265e-10,2.6210115660927094e-09,0.000810009786504377
2.7083333549999997,9.071998181856002e-08,0.0,0.0006541031300501946,7.922678952811485e-06,4.4975456093975625e-07,0.0008597404975235895,0.0,0.049558538684096966,7.196691672969851e-05,2.7312533442092994e-05,4.472972304714547e-05,4.1209134332194185e-06,2.9188986852782567e-07,0.0,0.0,0.0,1.7282147183406765e-07,5.443005427791865e-09,1.8868962285414285e-05,1.0699517675141793e-06,0.0,1.3227373382528213e-06,1.3709327689510763e-06,1.1061724211267043e-08,8.296406972386476e-10,2.688882414043828e-09,0.005246308275035918
2.750000022,7.091999011296e-08,0.0,0.0006547572530054414,8.103057575008024e-06,4.6629286485179247e-07,0.0008788239106998764,0.0,0.05072980140701655,7.355630303652476e-05,2.687885785816398e-05,4.543455882799721e-05,4.268242070212624e-06,2.9957335448969825e-07,0.0,0.0,0.0,1.7478563488851425e-07,5.592987308025857e-09,1.9083413176287038e-05,1.0091911480839241e-06,0.0,1.3387936918753845e-06,1.4861223288685918e-06,1.1290945369616226e-08,8.510754224043546e-10,2.7563839853393647e-09,0.0018350816929837857
2.791666689,5.975999449631999e-08,0.0,0.0006553026980494909,8.257751226464489e-06,4.832741033017154e-07,0.0008950933483611168,0.0,0.051748290639157264,7.49499584902014e-05,2.6461768261560796e-05,4.619045104756312e-05,4.330471370675234e-06,3.0719697716409214e-07,0.0,0.0,0.0,1.4901233676754003e-07,5.681314688924628e-09,1.6269437661240334e-05,9.536991821990077e-07,0.0,1.3871187251751904e-06,1.4493480256378006e-06,1.1327551277435833e-08,8.737221947213814e-10,2.830206408320498e-09,0.0050103601974330805
2.833333356,5.3279996901119995e-08,0.0,0.0006557453620661469,8.437080246799542e-06,5.006410291239666e-07,0.0009140398080698192,0.0,0.05291089157305483,7.661072330091423e-05,2.6056945139417484e-05,4.6985216121923694e-05,4.29578618304095e-06,3.148531552416057e-07,0.0,0.0,0.0,1.7353127338824992e-07,5.797746946802362e-09,1.8946459708702364e-05,9.162062380888473e-07,0.0,1.409147231488922e-06,1.3744620438546382e-06,1.1445167415000473e-08,8.945017004450293e-10,2.8944876370418704e-09,0.0010681946665238784
2.8750000229999997,4.931999820864e-08,0.0,0.0006561389891254153,8.617549983960323e-06,5.18384211198561e-07,0.000933097800101723,0.0,0.05408345131257396,7.828347161115022e-05,2.5671230431682052e-05,4.7468705302752386e-05,4.5251824186772146e-06,3.2263312962127277e-07,0.0,0.0,0.0,1.7455280175643378e-07,5.9169354043481496e-09,1.9057992031903788e-05,8.700694118881465e-07,0.0,1.4006704162172077e-06,1.630066651853472e-06,1.1652116457855027e-08,9.149450657554824e-10,2.957197012432396e-09,0.004963588162999089
2.91666669,4.6799998963200004e-08,0.0,0.000656517657236622,8.78232734967862e-06,5.365387218314816e-07,0.0009504296561646678,0.0,0.05513258460848982,7.966442451299629e-05,2.5300559946419003e-05,4.8280897350682136e-05,4.403949110123225e-06,3.3029800377504944e-07,0.0,0.0,0.0,1.5874306329658242e-07,6.034302421715403e-09,1.7331856062944904e-05,8.349409684524655e-07,0.0,1.4648258716044114e-06,1.3435925630504226e-06,1.1627302351863193e-08,9.366764259332372e-10,3.0257517721534225e-09,0.00527724349221107
2.958333357,4.535999954496001e-08,0.0,0.0006568617286404828,8.964021752932984e-06,5.55092909256144e-07,0.0009695930596429226,0.0,0.05631013425768127,8.134536522518869e-05,2.4950269059920922e-05,4.8640116010561694e-05,4.679650006996312e-06,3.381295173003625e-07,0.0,1.836242507623545e-09,0.0,1.7551826880390488e-07,6.176134450459544e-09,1.9163403478254807e-05,7.913017720860988e-07,0.0,1.4255649341083518e-06,1.701265830981441e-06,1.1881719985118907e-08,9.578418890286003e-10,3.092364570777074e-09,0.0
3.0000000239999998,5.112000372671999e-08,0.0,0.0006575106791279886,9.087717177947315e-06,5.740387827307488e-07,0.0009872969582065596,0.0,0.05713759960848683,8.249895401314619e-05,2.4653917524607357e-05,4.9229192890377023e-05,4.673944437150391e-06,3.4568304116617296e-07,0.0,0.0,0.0,1.1761267798440309e-07,6.082747029928379e-09,1.284116586684924e-05,6.949430780805916e-07,0.0,1.526364675296955e-06,1.5206591054510335e-06,1.168994171255982e-08,9.787722676486778e-10,3.157645579100789e-09,0.0012929386242426118
3.0416666909999996,7.812004326163197e-07,0.0,0.0006665343354779879,9.259781967584992e-06,5.932908520998446e-07,0.0010010387354434083,0.0,0.05825578923212519,8.40905716958304e-05,2.5068198090102645e-05,4.980236888656887e-05,4.684521095638082e-06,3.534043749171488e-07,0.0,0.0,0.0,1.6571940396560992e-07,6.345385672068002e-09,1.3230812915361362e-05,7.338397342420672e-07,0.0,1.5086814498549713e-06,1.5192581083426626e-06,1.1926696588060279e-08,9.966846089018726e-10,3.2086782281826324e-09,0.003356928658852699
3.083333358,1.1844002481695998e-06,0.0,0.0006805287578783755,9.43978770458385e-06,6.129459338642271e-07,0.0010194733773889128,0.0,0.059421336486403256,8.562691737773154e-05,2.587484472749023e-05,5.0287491765812176e-05,4.79823592524914e-06,3.611147800419783e-07,0.0,0.0,0.0,1.735234566863929e-07,6.48228031246511e-09,1.8434641945504397e-05,7.555072215639885e-07,0.0,1.5047886375574603e-06,1.6185034671685174e-06,1.2004074717878204e-08,1.0178226323182678e-09,3.2758469607304225e-09,0.0037356393231139803
3.125000025,1.3572001145375996e-06,0.0,0.0006967731591422739,9.58180682166239e-06,6.329835936039394e-07,0.0010375395824875695,0.0,0.060293786063478336,8.689843913404482e-05,2.6833893424625312e-05,5.096051951584725e-05,4.796610946883191e-06,3.6870216390833555e-07,0.0,0.0,0.0,1.3545482469985503e-07,6.564292378683111e-09,1.4789203861734121e-05,7.963028348050941e-07,0.0,1.5501213599275126e-06,1.5484963815615655e-06,1.1965170327233738e-08,1.03817650425759e-09,3.3396099566187045e-09,0.003347510627218575
3.1666666919999997,1.4364000596448e-06,0.0,0.0007137249547450867,9.726393945886518e-06,6.533449160393965e-07,0.0010493200248084932,0.0,0.06124380886432079,8.823677527591364e-05,2.788787375787832e-05,5.1536244881087226e-05,4.858540635021926e-06,3.7645406136077116e-07,0.0,0.0,0.0,1.3791164126375888e-07,6.6754829603706275e-09,1.1780442320923787e-05,7.648394527836056e-07,0.0,1.5374146400859534e-06,1.599344328224689e-06,1.2201812078269559e-08,1.056360886591228e-09,3.39355373924286e-09,0.001485332502891458
3.2083333589999996,1.4724000339551998e-06,0.0,0.0007312945430003296,9.80485851834365e-06,6.74092495801771e-07,0.0010571535656323063,0.0,0.06179486727905983,8.897329232896926e-05,2.895843211060297e-05,5.216440273569299e-05,4.961848004156655e-06,3.8430506224205487e-07,0.0,0.0,0.0,7.174766870407762e-08,6.71690375305404e-09,7.83354082381313e-06,8.036833624610664e-07,0.0,1.5517155878121869e-06,1.655022956946918e-06,1.2385743649637304e-08,1.0768128079578437e-09,3.457929960395759e-09,0.0015444457151598413
3.250000026,1.4904000231552003e-06,0.0,0.0007490795742487022,9.883491004575077e-06,6.952290390604331e-07,0.001064999602890971,0.0,0.062346804768247305,8.964037565370201e-05,3.0024207351875547e-05,5.2866397556416144e-05,5.036626864404311e-06,3.922446908022749e-07,0.0,0.0,0.0,7.18621239788843e-08,6.770362252542511e-09,7.846037258664506e-06,8.492495637652807e-07,0.0,1.5904664029924894e-06,1.6652452632401452e-06,1.2559895600484618e-08,1.097509830487739e-09,3.522757209777007e-09,0.0016053731380685288
3.291666693,1.4976000165312001e-06,0.0,0.0007669503824423446,9.962362307708363e-06,7.167497406588519e-07,0.0010728656822380556,0.0,0.06290015213857555,9.03799520100548e-05,3.1074937889740414e-05,5.352552309467931e-05,5.198375585496193e-06,4.003469278891396e-07,0.0,0.0,0.0,7.204569015316628e-08,6.825612980118753e-09,7.866079347084688e-06,8.937389573326762e-07,0.0,1.6077465545692614e-06,1.7694952756611444e-06,1.2807215323600058e-08,1.118194636998828e-09,3.586783599736474e-09,0.0016680695870484987
3.3333333599999997,1.5012000143135997e-06,0.0,0.0007849745467527238,1.0014395611905173e-05,7.386299746893533e-07,0.0010800861321259697,0.0,0.06324741031737416,9.084407988408306e-05,3.210879997636539e-05,5.447484363316494e-05,5.133121878808688e-06,4.084950760217136e-07,0.0,0.0,0.0,4.521292861306319e-08,6.820375583747169e-09,4.936429691052111e-06,9.346758553772684e-07,0.0,1.6728808890838255e-06,1.607627182396321e-06,1.293304366915382e-08,1.1381898648294938e-09,3.6467056717502323e-09,0.001732467432338933
3.375000027,1.5012000120095998e-06,0.0,0.0008028040663832619,1.0093382732012729e-05,7.608456913159512e-07,0.0010856711014865922,0.0,0.06380096240941964,9.158392986122058e-05,3.3127325598646985e-05,5.5311591155988256e-05,5.188239829853884e-06,4.170630122402557e-07,0.0,0.0,0.0,7.207234486989388e-08,6.914775237661772e-09,5.584969360622492e-06,9.653487794560156e-07,0.0,1.6480957550376852e-06,1.7032137060828824e-06,1.3428132811949397e-08,1.157577155641044e-09,3.702619437766302e-09,0.001798540442875953
3.416666694,1.4976000096191997e-06,0.0,0.0008206731454166054,1.0172858071207364e-05,7.83491434207985e-07,0.0010935874840695989,0.0,0.06435784841215779,9.224186280966594e-05,3.4122063345071026e-05,5.611456529612123e-05,5.316872262771375e-06,4.258231724230532e-07,0.0,0.0,0.0,7.250641921386224e-08,6.968919980771948e-09,7.916382583006747e-06,1.0057245263902973e-06,0.0,1.6588766982868266e-06,1.7875091312043192e-06,1.3715109509783772e-08,1.1806588449806823e-09,3.774290482005634e-09,0.001866336291126171
3.4583333609999998,1.4940000095616e-06,0.0,0.000838501954199094,1.0248983464359543e-05,8.065573733065291e-07,0.0011011341520939012,0.0,0.06488872646737796,9.295140780581272e-05,3.50917873871567e-05,5.714893980065024e-05,5.2596005860623635e-06,4.346602635745024e-07,0.0,0.0,0.0,6.912019090796331e-08,7.005202244215813e-09,7.5466680243021605e-06,1.0485519349518714e-06,0.0,1.710274561282914e-06,1.6530028845739031e-06,1.3885132754182808e-08,1.2037184196427794e-09,3.844323183090698e-09,0.0019356190007939502
3.5000000279999997,1.4904000095040002e-06,0.0,0.0008562838832367597,1.032844326875752e-05,8.299686452909218e-07,0.001109037636419916,0.0,0.06544470512907956,9.369450101431076e-05,3.604470006628892e-05,5.800804600642072e-05,5.400833522472782e-06,4.4389174698257656e-07,0.0,0.0,0.0,7.238828363630713e-08,7.071520761669849e-09,7.90348432601474e-06,1.0749746607436033e-06,0.0,1.6837987689223876e-06,1.8250317053328077e-06,1.4357678172044838e-08,1.224316099905256e-09,3.90187866406544e-09,0.002006332264458747
3.541666695,6.695994472128003e-07,0.0,0.0008642185428632442,1.0405144671398606e-05,8.538009827189648e-07,0.001116636163642261,0.0,0.06597923127245117,9.440892186220523e-05,3.615671103854853e-05,5.908853666494131e-05,5.363051413531528e-06,4.532077432454161e-07,0.0,0.0,0.0,6.959517107901665e-08,7.1062315620694794e-09,7.598527222345158e-06,1.1151769499063376e-06,0.0,1.736160695692738e-06,1.698378586751485e-06,1.4536032879581314e-08,1.2479803787345072e-09,3.9720562380071695e-09,0.0020783892506360153
3.583333362,3.394797755932801e-07,0.0,0.0008681885565774275,1.0484698271689017e-05,8.779909753650774e-07,0.0011245386457979256,0.0,0.06653513943545789,9.512011601195335e-05,3.596275706927362e-05,5.995899579862919e-05,5.4842294226725875e-06,4.628947548477001e-07,0.0,0.0,0.0,7.2379104723746e-08,7.174495566665311e-09,7.902482155664617e-06,1.066867489736467e-06,0.0,1.7209979468318375e-06,1.8421759559728983e-06,1.4988253612449885e-08,1.2695765691472489e-09,4.0316654410187725e-09,0.0021499795399973474
3.6250000289999997,1.9619990184672e-07,0.0,0.0008704406210520971,1.0562432813631099e-05,9.025907809137904e-07,0.0011322379724093862,0.0,0.06707675641461142,9.584401411549644e-05,3.56541561492252e-05,6.095987095204408e-05,5.419081523452546e-06,4.727011557704199e-07,0.0,0.0,0.0,7.051839613630362e-08,7.216145805779023e-09,7.699326611460552e-06,1.0096016437902527e-06,0.0,1.763526485971525e-06,1.6983785867514848e-06,1.519966322483681e-08,1.2932947106649274e-09,4.0999675914521686e-09,0.002220434676993472
3.6666666959999996,1.2707995235616e-07,0.0,0.0008718606814001054,1.0642383542759217e-05,9.275391320514186e-07,0.001140172515042467,0.0,0.06763491990458434,9.659002745593836e-05,3.5314951452028134e-05,6.167759251171517e-05,5.557817881606072e-06,4.828808585183299e-07,0.0,0.0,0.0,7.26727477344732e-08,7.2779813936450226e-09,7.93454263308091e-06,9.325692991064862e-07,0.0,1.737395925987746e-06,1.8761322841412732e-06,1.565265400751561e-08,1.3148927366672575e-09,4.158058522938023e-09,0.0022895419408031715
3.708333363,9.071997483744e-08,0.0,0.0008728467436540235,1.0719601825805508e-05,9.528982931364501e-07,0.0011478045578335047,0.0,0.06817180373480129,9.730759946988151e-05,3.4968624665039e-05,6.252060646892092e-05,5.515016950019165e-06,4.930636883170555e-07,0.0,0.0,0.0,6.990214132058037e-08,7.3161417257104274e-09,7.632042791037756e-06,8.740935236531657e-07,0.0,1.7865552205159722e-06,1.7437542889290672e-06,1.5748254442011416e-08,1.338897795780728e-09,4.226526847505245e-09,0.0023572412661716758
3.75000003,7.091998631136003e-08,0.0,0.0008735923522189332,1.079933325317121e-05,9.785981365976275e-07,0.0011557041777271854,0.0,0.06872751054907097,9.805032934072952e-05,3.463725392699881e-05,6.31240418575496e-05,5.639902544457463e-06,5.035170160366167e-07,0.0,0.0,0.0,7.235288916820265e-08,7.3785381974984945e-09,7.899619893680676e-06,8.045814487031429e-07,0.0,1.770615009877727e-06,1.895500604316025e-06,1.609693987283017e-08,1.3603049097396462e-09,4.28330724352958e-09,0.002423558105163266
3.7916666969999997,5.975999235359999e-08,0.0,0.0008742060261058849,1.0876724889028286e-05,1.0046525220322406e-06,0.0011633455601157928,0.0,0.06926505138279973,9.876877947263151e-05,3.431919971401326e-05,6.387273629857464e-05,5.5725010730926175e-06,5.13952998163055e-07,0.0,0.0,0.0,6.998768301460206e-08,7.4039528424749745e-09,7.64138238860741e-06,7.556284106783095e-07,0.0,1.811155760293911e-06,1.7437542889290663e-06,1.616061915942867e-08,1.3822394605547605e-09,4.3423975724355175e-09,0.00248852679251195
3.8333333639999996,5.327999565695999e-08,0.0,0.0008747390612598739,1.0956695116004793e-05,1.0310070889505601e-06,0.0011712602340620253,0.0,0.0698218171897422,9.95129247399996e-05,3.402506177947423e-05,6.435256508846769e-05,5.710700509947891e-06,5.247126529901912e-07,0.0,0.0,0.0,7.249076975112583e-08,7.479457225381048e-09,7.914673946232472e-06,6.948358603920297e-07,0.0,1.7866786234264235e-06,1.9248780602816995e-06,1.655422653534333e-08,1.4021438884869717e-09,4.39242781971991e-09,0.002552210341424682
3.875000031,4.931999744831999e-08,0.0,0.0008752362761712172,1.1024591486812381e-05,1.0577357761793019e-06,0.0011778535679681033,0.0,0.07028563198458997,0.00010004096654572818,3.3749888542742135e-05,6.497979434822266e-05,5.665751272558593e-06,5.35389208600993e-07,0.0,0.0,0.0,6.038857106745394e-08,7.507799740132946e-09,6.593333906077923e-06,6.48986468360839e-07,0.0,1.8340792284959456e-06,1.789129991106649e-06,1.6555908973537857e-08,1.4245721579458927e-09,4.4547812047902895e-09,0.002614659735234446
3.916666698,4.679999847936e-08,0.0,0.0008756912043416427,1.1104228512379679e-05,1.0847705619388691e-06,0.0011857217544616195,0.0,0.07083912758428196,0.00010078074101801792,3.3495485931438165e-05,6.538174231984855e-05,5.789509561463517e-06,5.462662060293522e-07,0.0,0.0,0.0,7.206498957950204e-08,7.572035987795491e-09,7.868186493516178e-06,6.024052195666348e-07,0.0,1.8195813258102173e-06,1.9433396147151423e-06,1.6827211283643174e-08,1.4444162286893437e-09,4.5057976265945325e-09,0.0026760084928122035
3.9583333649999997,4.5359999268480003e-08,0.0,0.000876131463858209,1.1180929931951047e-05,1.1121296170230633e-06,0.0011932666782000709,0.0,0.07136988293593584,0.00010149012201472904,3.325350609842919e-05,6.595222166629325e-05,5.7194963930702165e-06,5.570668034675513e-07,0.0,0.0,0.0,6.910421493411551e-08,7.59720463725303e-09,7.54492373845152e-06,5.746796645549379e-07,0.0,1.8591431594999484e-06,1.7891299911066486e-06,1.6825218476253083e-08,1.4647785240218131e-09,4.559842514032357e-09,0.00273623928540786
4.000000032,5.112000483264e-08,0.0,0.000876613866216361,1.1284341484981797e-05,1.1397557638320807e-06,0.001203719747316478,0.0,0.07206484359760636,0.00010244424347611038,3.303699961707493e-05,6.625018928832357e-05,5.860059432095444e-06,5.681228194426402e-07,0.0,0.0,0.0,9.574001805478926e-08,7.671534975961387e-09,1.0453069116407038e-05,5.352529723737961e-07,0.0,1.8347003136050631e-06,1.975263352630292e-06,1.7143299326767003e-08,1.4829255501749932e-09,4.604357801502907e-09,0.002795411008734512
4.041666698999999,7.812005727916797e-07,0.0,0.0008857909351116247,1.1453718176195946e-05,1.167717050854926e-06,0.0012213728651982786,0.0,0.07311860519916039,0.00010394036991701007,3.354123211648083e-05,6.669859981153379e-05,5.813986194581869e-06,5.790416766123488e-07,0.0,0.0,0.0,1.616855112986958e-07,7.691179915452535e-09,1.7653117881800243e-05,5.539361467716424e-07,0.0,1.8805789307978051e-06,1.8345056932842301e-06,1.7082395841632362e-08,1.5033241681163262e-09,4.660214503807565e-09,0.002853429378081284
4.083333366,1.1844003255839998e-06,0.0,0.000899786423327443,1.1642798545539826e-05,1.1959523727004603e-06,0.00124115275701401,0.0,0.07432241095989435,0.00010566677117242179,3.443385762084703e-05,6.699345577121413e-05,5.934495445785237e-06,5.902303552316002e-07,0.0,0.0,0.0,1.8116470660158155e-07,7.91566274229856e-09,1.977989181573173e-05,5.835496424356148e-07,0.0,1.8674590831091214e-06,1.9879683343124908e-06,1.741590895408217e-08,1.5213433605751026e-09,4.705886974255711e-09,0.0029113487007184392
4.125000033,1.3572001477151998e-06,0.0,0.0009158584292025548,1.1828602851964527e-05,1.2245439637466619e-06,0.0012605639648215138,0.0,0.0755009612523994,0.00010735899157261976,3.54665282573367e-05,6.754813018332297e-05,5.86346671893965e-06,6.013857647457514e-07,0.0,0.0,0.0,1.777879171427938e-07,8.016389281907443e-09,1.9411207807503702e-05,6.490590224510902e-07,0.0,1.905534420129817e-06,1.8345056932842306e-06,1.746261857950765e-08,1.541943890989454e-09,4.765265174366928e-09,0.0029698061536478975
4.1666666999999995,1.4364000748511997e-06,0.0,0.0009328799777221201,1.2014938052318621e-05,1.2534611420417511e-06,0.0012800168966983954,0.0,0.07668723309224877,0.00010905853595779407,3.6549510546493156e-05,6.775178721104662e-05,6.2094706148453295e-06,6.128158559106498e-07,0.0,8.91088606174793e-09,0.0,1.7817006932327462e-07,8.165131030819912e-09,1.945293187688153e-05,7.068355713895002e-07,0.0,1.8810243637365335e-06,2.2270282596422138e-06,1.7810918225635952e-08,1.5612973448892629e-09,4.819529715848195e-09,0.0030290654062433645
4.208333367,1.4724000408671998e-06,0.0,0.0009505079880394425,1.2144292953356658e-05,1.2827540482521357e-06,0.001296473566768303,0.0,0.07750254928033001,0.00011018488868105438,3.766524393765135e-05,6.846924472052076e-05,6.0780840098894644e-06,6.23884199360458e-07,0.0,0.0,0.0,1.2126279627011197e-07,8.09210476792427e-09,1.3239692412997803e-05,7.133332994179713e-07,0.0,2.011268000417676e-06,1.8798813954618125e-06,1.7532892551674353e-08,1.5823980668022617e-09,4.882151035064081e-09,0.00308918790881779
4.250000034,1.4904000266112002e-06,0.0,0.0009680635935069748,1.2326084265046936e-05,1.312299954199613e-06,0.0013121951485590888,0.0,0.07866058303780285,0.00011184171737300935,3.8728462549013786e-05,6.896673041422493e-05,6.272722714043641e-06,6.352604859752919e-07,0.0,0.0,0.0,1.7345891462710592e-07,8.332397063173066e-09,1.5721581790785874e-05,8.543628304975682e-07,0.0,1.9632118238923754e-06,2.1578505280465523e-06,1.7899614939622503e-08,1.5990106668756025e-09,4.924317657912884e-09,0.003150362582388111
4.291666701,1.4976000179135998e-06,0.0,0.0009858226292672055,1.2508376015693723e-05,1.3421726582856108e-06,0.0013311744463323334,0.0,0.07981662262966722,0.00011342595711466581,3.975682274673588e-05,6.987919181443119e-05,6.1360931314822745e-06,6.46659540693935e-07,0.0,0.0,0.0,1.7383203834609652e-07,8.459712300689578e-09,1.8979297773244663e-05,9.384796403830168e-07,0.0,2.016510978023176e-06,1.879881395461812e-06,1.7996002975189547e-08,1.6181642422135862e-09,4.97878401433296e-09,0.0032125003677099103
4.333333368,1.5012000150047998e-06,0.0,0.001003621137703502,1.269407968892682e-05,1.3723607288139864e-06,0.0013505101227137448,0.0,0.08099675298324796,0.00011511597415703557,4.0763675584617196e-05,7.050047691360849e-05,6.337641599797655e-06,6.584742886718268e-07,0.0,0.0,0.0,1.7709612222426254e-07,8.607551008833646e-09,1.9335676381411346e-05,9.886943542470302e-07,0.0,1.9740352105691592e-06,2.1755836788845407e-06,1.8482806983709894e-08,1.6367139177554083e-09,5.031345088062616e-09,0.0032753336515861362
4.375000034999999,1.5012000120096e-06,0.0,0.001021424151595097,1.2874866812076273e-05,1.402959858184305e-06,0.0013692974421107872,0.0,0.08213756301394565,0.00011668079496472175,4.173701651099332e-05,7.129708575606882e-05,6.435039654058456e-06,6.702387199155373e-07,0.0,0.0,0.0,1.7207370182319994e-07,8.713421326254642e-09,1.8787319397042328e-05,1.0557181712669023e-06,0.0,2.0355630042017426e-06,2.132961058462544e-06,1.8523031881845902e-08,1.6587457430821624e-09,5.099854895053117e-09,0.003338779567239537
4.416666702,1.4976000089279997e-06,0.0,0.0010391786295930838,1.3060632412269078e-05,1.4339163671408232e-06,0.0013886141692481238,0.0,0.08331645796930634,0.0001182941338744456,4.2680897026003435e-05,7.215598943585018e-05,6.517508278266225e-06,6.822366752714313e-07,0.0,0.0,0.0,1.769225654487717e-07,8.843034744033204e-09,1.9316727137336748e-05,1.1074389878357573e-06,0.0,2.0690526150629332e-06,2.151521239270704e-06,1.8836183657528492e-08,1.678810142215016e-09,5.159418159419664e-09,0.0034027855872844947
4.458333369,1.4940000088704003e-06,0.0,0.0010568912268208049,1.3244682301798476e-05,1.465269356336018e-06,0.0014077308934817884,0.0,0.08448067549377597,0.00011996320214245313,4.35946079524696e-05,7.314473295623752e-05,6.524635621452931e-06,6.943163420492764e-07,0.0,0.0,0.0,1.750907320039393e-07,8.959157525457648e-09,1.911672423366463e-05,1.1605781648086223e-06,0.0,2.0980451733898435e-06,2.105172516576551e-06,1.9005513693560565e-08,1.7003487165162797e-09,5.2254981991991465e-09,0.003467251952432943
4.500000035999999,1.4904000088128e-06,0.0,0.0010746067976975422,1.3382229894472777e-05,1.4969509926770444e-06,0.0014217589386754151,0.0,0.08528641286561396,0.0001211534642136772,4.454145007424589e-05,7.382298205829447e-05,6.807146421300265e-06,7.068117784559694e-07,0.0,0.0,0.0,1.2848334638897432e-07,9.064246285327929e-09,1.4028045193626651e-05,1.0871157740728963e-06,0.0,2.0908665945753005e-06,2.373377394422636e-06,1.949524657196402e-08,1.7195374417665844e-09,5.280272723504396e-09,0.0035321198070601763
4.541666703,6.695992896192003e-07,0.0,0.0010824961392300622,1.3495977598405556e-05,1.5290532316554887e-06,0.0014331840685155575,0.0,0.08591019187354548,0.0001219831550927189,4.465122425078117e-05,7.492514958643795e-05,6.718052514220902e-06,7.193179560636078e-07,0.0,0.0,0.0,1.0464315551656238e-07,9.104548416217514e-09,1.1425129840142527e-05,1.1196502261679553e-06,0.0,2.1766559856241355e-06,2.0875620785447735e-06,1.9598882884132975e-08,1.7423321134205666e-09,5.350373163074052e-09,0.0035976971420498384
4.58333337,3.394797122102401e-07,0.0,0.0010864231703645512,1.3610220291759901e-05,1.5615359503349447e-06,0.0014446519976226222,0.0,0.08653630759752615,0.0001229330482016813,4.4453673637375824e-05,7.583640932296564e-05,6.77348507325028e-06,7.322086394199548e-07,0.0,0.0,0.0,1.0503515546817678e-07,9.207537886167408e-09,1.1467929107064628e-05,1.0740606512311971e-06,0.0,2.1536081555081673e-06,2.209040714537545e-06,2.0068279596390516e-08,1.763809793467583e-09,5.4137864465760086e-09,0.0036627016029851384
4.6250000369999995,1.9619987433696007e-07,0.0,0.0010886301386784942,1.3724778990134618e-05,1.5944074300612314e-06,0.001456145952458271,0.0,0.08716384425093027,0.00012388509703204783,4.41433548237313e-05,7.661209926956661e-05,6.902898093313978e-06,7.453890016963866e-07,0.0,0.0,0.0,1.0527352600765895e-07,9.28517236705776e-09,1.1493954835648636e-05,1.013037375962983e-06,0.0,2.166075157293341e-06,2.295488177357042e-06,2.044492000120908e-08,1.785977770395998e-09,5.478579954381095e-09,0.003726628589912252
4.666666704,1.2707993908512002e-07,0.0,0.0010900081382864144,1.3838446796338514e-05,1.6276992849580693e-06,0.0014675352194029915,0.0,0.08778566524861238,0.00012482847452295492,4.3795878865637286e-05,7.751749527713862e-05,6.83914193168402e-06,7.58824549243007e-07,0.0,0.0,0.0,1.0431468602908943e-07,9.35312017480642e-09,1.1389266944720664e-05,9.491117943582339e-07,0.0,2.20978287953863e-06,2.1460267179086738e-06,2.0793780526157134e-08,1.8095904967306066e-09,5.5486424828063e-09,0.0037893083631872202
4.708333371,9.071996785632001e-08,0.0,0.0010909487649044833,1.3952742126087801e-05,1.661416951415915e-06,0.0014789838844180704,0.0,0.08841072920894959,0.00012565297715721232,4.345070597842721e-05,7.81041083469272e-05,7.016081382451404e-06,7.724830961254521e-07,0.0,0.0,0.0,1.0485871498988436e-07,9.436614759403723e-09,1.1448665015078903e-05,8.717857101328423e-07,0.0,2.191006684775088e-06,2.3679461355424746e-06,2.1111818645227892e-08,1.8336606864750794e-09,5.619611076307624e-09,0.003850705750893462
4.750000038,7.091998250976001e-08,0.0,0.0010916510577191798,1.4067347053607823e-05,1.6955589993163293e-06,0.001490460021108914,0.0,0.0890372930432396,0.0001266035501035891,4.3114519000248974e-05,7.884624213737722e-05,6.979609281585344e-06,7.861706126746215e-07,0.0,0.0,0.0,1.0511032900911809e-07,9.494598510903479e-09,1.147613669084359e-05,8.142139213759264e-07,0.0,2.24096345813863e-06,2.2044913572725715e-06,2.1235797569944886e-08,1.8579397040397896e-09,5.690341316735695e-09,0.003910842523222648
4.791666705,5.975999021088e-08,0.0,0.0010922187684743062,1.418223782358276e-05,1.7300773567460556e-06,0.0015019580440048053,0.0,0.08966505180095395,0.0001275559358929964,4.27925295186908e-05,7.937668148517539e-05,7.103619110041352e-06,8.001116683839718e-07,0.0,0.0,0.0,1.0531078551075336e-07,9.579984464182928e-09,1.1498022895891384e-05,7.634989435381614e-07,0.0,2.2316037973017094e-06,2.3556136257577194e-06,2.1574430551033313e-08,1.880315270062056e-09,5.753059571621041e-09,0.003969752335086085
4.833333371999999,5.327999441280001e-08,0.0,0.0010927086313718317,1.4296821960483242e-05,1.7649902552734838e-06,0.0015134148965037424,0.0,0.09029056277420304,0.00012845837430140237,4.2481232758712e-05,8.006682686820242e-05,7.033739010110029e-06,8.141279185435218e-07,0.0,0.0,0.0,1.0493370443496177e-07,9.650432465521052e-09,1.1456852498936976e-05,7.29153508783218e-07,0.0,2.274371457203894e-06,2.2044913572725715e-06,2.17385920459003e-08,1.9035254651122628e-09,5.8188164212380525e-09,0.004027476684721468
4.875000039,4.9319996687999996e-08,0.0,0.0010931504471875448,1.4411557599613676e-05,1.8002787606859586e-06,0.0015248794786668445,0.0,0.09091649576473439,0.000129407990181671,4.21838895832764e-05,8.047977368461412e-05,7.204891786123281e-06,8.283476458127715e-07,0.0,0.0,0.0,1.0500450069379152e-07,9.731138436643984e-09,1.146458216310214e-05,6.933263442472217e-07,0.0,2.253945759505536e-06,2.4250985355187918e-06,2.2027235282326906e-08,1.9260904443311994e-09,5.881417568745799e-09,0.0040840533703783745
4.916666706,4.679999799552e-08,0.0,0.0010935614701208917,1.4526477015428333e-05,1.8359363874706014e-06,0.0015363578384002805,0.0,0.09154318097071315,0.000130358747263546,4.189484560533964e-05,8.092982372263682e-05,7.317178509660729e-06,8.425155357290539e-07,0.0,0.0,0.0,1.0513068993236151e-07,9.788725882295783e-09,1.1478359733436034e-05,6.716879518645647e-07,0.0,2.3007104791128153e-06,2.4129972026502645e-06,2.205926590103492e-08,1.948438187312316e-09,5.942937797440479e-09,0.004139522218638878
4.958333372999999,4.5359998992e-08,0.0,0.0010939554160926757,1.4640845977271924e-05,1.871941441747215e-06,0.0015477678293883937,0.0,0.09216613344115825,0.00013127983942656142,4.161218614040076e-05,8.15562067847985e-05,7.237869924761222e-06,8.567479848070718e-07,0.0,0.0,0.0,1.0450449825231923e-07,9.864463591270792e-09,1.1409990988113108e-05,6.560389278617761e-07,0.0,2.342264581535976e-06,2.26295599663647e-06,2.2202937946803092e-08,1.969646489349209e-09,6.00084237943561e-09,0.004193913040576212
5.00000004,5.112000593856e-08,0.0,0.0010944179830024501,1.4755377905482647e-05,1.908282675024971e-06,0.001559186528550938,0.0,0.09278956135271287,0.0001322256547997253,4.1346707589654465e-05,8.201575403170636e-05,7.302241192549163e-06,8.711582187528124e-07,0.0,0.0,0.0,1.0458425672018925e-07,9.947671490534301e-09,1.1418699162544271e-05,6.331971133697151e-07,0.0,2.3200072644253426e-06,2.384378532213286e-06,2.2457523820676027e-08,1.9904176619766037e-09,6.056872212959314e-09,0.004247255441504961
5.041666707,7.812007129670396e-07,0.0,0.0011036409647357146,1.4870132937687412e-05,1.9449544651604665e-06,0.001570621637548123,0.0,0.09341388519372436,0.00013317282940599037,4.181691867678339e-05,8.229311555407837e-05,7.537299934182132e-06,8.856563660622449e-07,0.0,0.0,0.0,1.0473455495769993e-07,1.0020477247065268e-08,1.1435108997184936e-05,6.219792516762736e-07,0.0,2.334094188181724e-06,2.5691529298146942e-06,2.262109419350363e-08,2.0109818614883407e-09,6.111965022582608e-09,0.004299591703940638
5.0833333739999995,1.1844004029983997e-06,0.0,0.0011177028630392387,1.4984029942247794e-05,1.9819639930567444e-06,0.0015819577471076502,0.0,0.09403280395209157,0.00013404622066953145,4.2681844291705844e-05,8.291183932010598e-05,7.448808246883725e-06,9.000042309305389e-07,0.0,0.0,0.0,1.038278157174638e-07,1.0069188842918911e-08,1.1336109559527394e-05,6.389495761518976e-07,0.0,2.4099123232987747e-06,2.3214206360003695e-06,2.254785141202816e-08,2.03173189435435e-09,6.168254649379689e-09,0.004352060757989378
5.125000041,1.3572001808927995e-06,0.0,0.0011338377681786925,1.5098212511025196e-05,2.019278455539908e-06,0.0015933150163336361,0.0,0.09465287796697983,0.00013498694777672543,4.3708273269591914e-05,8.340694532307631e-05,7.5061246575965916e-06,9.14526972832617e-07,0.0,0.0,0.0,1.0402161782727698e-07,1.016095095012438e-08,1.1357269225986028e-05,6.615424060135612e-07,0.0,2.38690542319149e-06,2.44422183390436e-06,2.279264015550735e-08,2.050821172902544e-09,6.2190770805272145e-09,0.00440526134609106
5.166666707999999,1.4364000900576e-06,0.0,0.0011509223700655181,1.521279780735603e-05,2.0568923530743647e-06,0.0016047081305959536,0.0,0.09527490901706284,0.00013593064394247249,4.47938199694692e-05,8.401913364184707e-05,7.486076218483148e-06,9.29160725396519e-07,0.0,0.0,0.0,1.0434992374272749e-07,1.0235372588107029e-08,1.1393114262317287e-05,7.017067803605969e-07,0.0,2.3999337144777094e-06,2.379885275364267e-06,2.2972496467837477e-08,2.0697609815260435e-09,6.268982922409468e-09,0.004459421732354093
5.208333375,1.4724000477792004e-06,0.0,0.001168438249443746,1.5327786706590742e-05,2.094824648962222e-06,0.0016161367873220075,0.0,0.09589888058275307,0.00013683163465862046,4.5896367894308376e-05,8.44102054300026e-05,7.724646380609679e-06,9.4395251621715e-07,0.0,0.0,0.0,1.0467545838542033e-07,1.031344084929141e-08,1.1428656726053885e-05,7.397042458800737e-07,0.0,2.3928163420908934e-06,2.6313865042174284e-06,2.3203181791566445e-08,2.0893416562918896e-09,6.32204931464293e-09,0.004514610915738718
5.250000042,1.4904000300672e-06,0.0,0.0011861699026339048,1.5442663209961825e-05,2.133095316239322e-06,0.0016275469940087294,0.0,0.09652184482971765,0.00013777674659664916,4.699057960602658e-05,8.51821954880754e-05,7.635164141251168e-06,9.586258231974108e-07,0.0,0.0,0.0,1.045064738432652e-07,1.0370029527817645e-08,1.1410206686721936e-05,7.923766366980949e-07,0.0,2.469367514722777e-06,2.3798852753642673e-06,2.3161365621675003e-08,2.109614095231462e-09,6.378444546183327e-09,0.00457083360283955
