length_0.0-0.05_m,length_0.05-0.1_m,length_0.1-0.15_m,length_0.15-0.2_m,length_0.2-0.25_m,length_0.25-0.3_m,length_0.3-0.35_m,length_0.35-0.4_m,length_0.4-0.45_m,length_0.45-0.5_m,struct_mass_0.0-0.05_m,struct_mass_0.05-0.1_m,struct_mass_0.1-0.15_m,struct_mass_0.15-0.2_m,struct_mass_0.2-0.25_m,struct_mass_0.25-0.3_m,struct_mass_0.3-0.35_m,struct_mass_0.35-0.4_m,struct_mass_0.4-0.45_m,struct_mass_0.45-0.5_m,root_necromass_0.0-0.05_m,root_necromass_0.05-0.1_m,root_necromass_0.1-0.15_m,root_necromass_0.15-0.2_m,root_necromass_0.2-0.25_m,root_necromass_0.25-0.3_m,root_necromass_0.3-0.35_m,root_necromass_0.35-0.4_m,root_necromass_0.4-0.45_m,root_necromass_0.45-0.5_m,surface_0.0-0.05_m,surface_0.05-0.1_m,surface_0.1-0.15_m,surface_0.15-0.2_m,surface_0.2-0.25_m,surface_0.25-0.3_m,surface_0.3-0.35_m,surface_0.35-0.4_m,surface_0.4-0.45_m,surface_0.45-0.5_m,net_hexose_exudation_0.0-0.05_m,net_hexose_exudation_0.05-0.1_m,net_hexose_exudation_0.1-0.15_m,net_hexose_exudation_0.15-0.2_m,net_hexose_exudation_0.2-0.25_m,net_hexose_exudation_0.25-0.3_m,net_hexose_exudation_0.3-0.35_m,net_hexose_exudation_0.35-0.4_m,net_hexose_exudation_0.4-0.45_m,net_hexose_exudation_0.45-0.5_m,total_rhizodeposition_0.0-0.05_m,total_rhizodeposition_0.05-0.1_m,total_rhizodeposition_0.1-0.15_m,total_rhizodeposition_0.15-0.2_m,total_rhizodeposition_0.2-0.25_m,total_rhizodeposition_0.25-0.3_m,total_rhizodeposition_0.3-0.35_m,total_rhizodeposition_0.35-0.4_m,total_rhizodeposition_0.4-0.45_m,total_rhizodeposition_0.45-0.5_m,hexose_degradation_0.0-0.05_m,hexose_degradation_0.05-0.1_m,hexose_degradation_0.1-0.15_m,hexose_degradation_0.15-0.2_m,hexose_degradation_0.2-0.25_m,hexose_degradation_0.25-0.3_m,hexose_degradation_0.3-0.35_m,hexose_degradation_0.35-0.4_m,hexose_degradation_0.4-0.45_m,hexose_degradation_0.45-0.5_m,time_in_days
0.001,0.0,0.0,0.0,0.0,0.0,0.0,0.0,0.0,0.0,3.8484510006474965e-05,0.0,0.0,0.0,0.0,0.0,0.0,0.0,0.0,0.0,0,0,0,0,0,0,0,0,0,0,2.1991148575128554e-06,0.0,0.0,0.0,0.0,0.0,0.0,0.0,0.0,0.0,0.0,0.0,0.0,0.0,0.0,0.0,0.0,0.0,0.0,0.0,0.0,0.0,0.0,0.0,0.0,0.0,0.0,0.0,0.0,0.0,0.0,0.0,0.0,0.0,0.0,0.0,0.0,0.0,0.0,0.0,0.0
0.0010131018180219165,0.0,0.0,0.0,0.0,0.0,0.0,0.0,0.0,0.0,4.212494088466757e-05,0.0,0.0,0.0,0.0,0.0,0.0,0.0,0.0,0.0,0,0,0,0,0,0,0,0,0,0,2.2279272601852813e-06,0.0,0.0,0.0,0.0,0.0,0.0,0.0,0.0,0.0,1.1035266297334004e-10,0.0,0.0,0.0,0.0,0.0,0.0,0.0,0.0,0.0,1.9458183360095747e-10,0.0,0.0,0.0,0.0,0.0,0.0,0.0,0.0,0.0,0.0,0.0,0.0,0.0,0.0,0.0,0.0,0.0,0.0,0.0,0.041666667
0.0010177534462034986,0.0,0.0,0.0,0.0,0.0,0.0,0.0,0.0,0.0,4.0500871526587526e-05,0.0,0.0,0.0,0.0,0.0,0.0,0.0,0.0,0.0,0,0,0,0,0,0,0,0,0,0,2.238156724831024e-06,0.0,0.0,0.0,0.0,0.0,0.0,0.0,0.0,0.0,3.5713348928979455e-11,0.0,0.0,0.0,0.0,0.0,0.0,0.0,0.0,0.0,9.966412629635322e-11,0.0,0.0,0.0,0.0,0.0,0.0,0.0,0.0,0.0,4.243057885298913e-12,0.0,0.0,0.0,0.0,0.0,0.0,0.0,0.0,0.0,0.083333334
0.0013076180264597558,0.0,0.0,0.0,0.0,0.0,0.0,0.0,0.0,0.0,5.032303902393752e-05,0.0,0.0,0.0,0.0,0.0,0.0,0.0,0.0,0.0,0,0,0,0,0,0,0,0,0,0,2.875602229939287e-06,0.0,0.0,0.0,0.0,0.0,0.0,0.0,0.0,0.0,3.504136808935883e-08,0.0,0.0,0.0,0.0,0.0,0.0,0.0,0.0,0.0,3.519216695834782e-08,0.0,0.0,0.0,0.0,0.0,0.0,0.0,0.0,0.0,5.4018260477108515e-12,0.0,0.0,0.0,0.0,0.0,0.0,0.0,0.0,0.0,0.125000001
0.0015982362661954171,0.0,0.0,0.0,0.0,0.0,0.0,0.0,0.0,0.0,6.150733957910872e-05,0.0,0.0,0.0,0.0,0.0,0.0,0.0,0.0,0.0,0,0,0,0,0,0,0,0,0,0,3.5147051188062124e-06,0.0,0.0,0.0,0.0,0.0,0.0,0.0,0.0,0.0,6.969272332793906e-08,0.0,0.0,0.0,0.0,0.0,0.0,0.0,0.0,0.0,6.986443675455131e-08,0.0,0.0,0.0,0.0,0.0,0.0,0.0,0.0,0.0,1.4245165846696747e-10,0.0,0.0,0.0,0.0,0.0,0.0,0.0,0.0,0.0,0.166666668
0.001888971230957404,0.0,0.0,0.0,0.0,0.0,0.0,0.0,0.0,0.0,7.269613223972354e-05,0.0,0.0,0.0,0.0,0.0,0.0,0.0,0.0,0.0,0,0,0,0,0,0,0,0,0,0,4.154064699412774e-06,0.0,0.0,0.0,0.0,0.0,0.0,0.0,0.0,0.0,8.725039214565098e-08,0.0,0.0,0.0,0.0,0.0,0.0,0.0,0.0,0.0,8.743619271107661e-08,0.0,0.0,0.0,0.0,0.0,0.0,0.0,0.0,0.0,2.0503767046337255e-10,0.0,0.0,0.0,0.0,0.0,0.0,0.0,0.0,0.0,0.20833333499999998
0.0021797429272714048,0.0,0.0,0.0,0.0,0.0,0.0,0.0,0.0,0.0,8.38863384961194e-05,0.0,0.0,0.0,0.0,0.0,0.0,0.0,0.0,0.0,0,0,0,0,0,0,0,0,0,0,4.79350505692111e-06,0.0,0.0,0.0,0.0,0.0,0.0,0.0,0.0,0.0,1.0053796758152959e-07,0.0,0.0,0.0,0.0,0.0,0.0,0.0,0.0,0.0,1.0073561945810099e-07,0.0,0.0,0.0,0.0,0.0,0.0,0.0,0.0,0.0,2.4367893610061405e-10,0.0,0.0,0.0,0.0,0.0,0.0,0.0,0.0,0.0,0.250000002
0.0024705207138234755,0.0,0.0,0.0,0.0,0.0,0.0,0.0,0.0,0.0,9.507677913234322e-05,0.0,0.0,0.0,0.0,0.0,0.0,0.0,0.0,0.0,0,0,0,0,0,0,0,0,0,0,5.43295880756247e-06,0.0,0.0,0.0,0.0,0.0,0.0,0.0,0.0,0.0,1.1071652769700379e-07,0.0,0.0,0.0,0.0,0.0,0.0,0.0,0.0,0.0,1.109242375552888e-07,0.0,0.0,0.0,0.0,0.0,0.0,0.0,0.0,0.0,2.8360894124371315e-10,0.0,0.0,0.0,0.0,0.0,0.0,0.0,0.0,0.0,0.291666669
0.0027613004876932542,0.0,0.0,0.0,0.0,0.0,0.0,0.0,0.0,0.0,0.00010626729624951524,0.0,0.0,0.0,0.0,0.0,0.0,0.0,0.0,0.0,0,0,0,0,0,0,0,0,0,0,6.072416928543728e-06,0.0,0.0,0.0,0.0,0.0,0.0,0.0,0.0,0.0,1.2065010861408592e-07,0.0,0.0,0.0,0.0,0.0,0.0,0.0,0.0,0.0,1.2086651841031884e-07,0.0,0.0,0.0,0.0,0.0,0.0,0.0,0.0,0.0,3.2397664471175304e-10,0.0,0.0,0.0,0.0,0.0,0.0,0.0,0.0,0.0,0.333333336
0.0030520794590174543,0.0,0.0,0.0,0.0,0.0,0.0,0.0,0.0,0.0,0.00011745778248111392,0.0,0.0,0.0,0.0,0.0,0.0,0.0,0.0,0.0,0,0,0,0,0,0,0,0,0,0,6.711873284635082e-06,0.0,0.0,0.0,0.0,0.0,0.0,0.0,0.0,0.0,1.299128544999752e-07,0.0,0.0,0.0,0.0,0.0,0.0,0.0,0.0,0.0,1.3013680047959107e-07,0.0,0.0,0.0,0.0,0.0,0.0,0.0,0.0,0.0,3.645259671201409e-10,0.0,0.0,0.0,0.0,0.0,0.0,0.0,0.0,0.0,0.37500000299999997
0.0033428576653263624,0.0,0.0,0.0,0.0,0.0,0.0,0.0,0.0,0.0,0.00012864823927147392,0.0,0.0,0.0,0.0,0.0,0.0,0.0,0.0,0.0,0,0,0,0,0,0,0,0,0,0,7.351327958369939e-06,0.0,0.0,0.0,0.0,0.0,0.0,0.0,0.0,0.0,1.3890504703331378e-07,0.0,0.0,0.0,0.0,0.0,0.0,0.0,0.0,0.0,1.3913553524334427e-07,0.0,0.0,0.0,0.0,0.0,0.0,0.0,0.0,0.0,4.045099992580995e-10,0.0,0.0,0.0,0.0,0.0,0.0,0.0,0.0,0.0,0.41666666999999996
0.003633636318868632,0.0,0.0,0.0,0.0,0.0,0.0,0.0,0.0,0.0,0.00013983871327339072,0.0,0.0,0.0,0.0,0.0,0.0,0.0,0.0,0.0,0,0,0,0,0,0,0,0,0,0,7.990783615622328e-06,0.0,0.0,0.0,0.0,0.0,0.0,0.0,0.0,0.0,1.478433103807923e-07,0.0,0.0,0.0,0.0,0.0,0.0,0.0,0.0,0.0,1.480794494672134e-07,0.0,0.0,0.0,0.0,0.0,0.0,0.0,0.0,0.0,4.4389727391150895e-10,0.0,0.0,0.0,0.0,0.0,0.0,0.0,0.0,0.0,0.45833333699999995
0.003924417051838344,0.0,0.0,0.0,0.0,0.0,0.0,0.0,0.0,0.0,0.00015102926730105375,0.0,0.0,0.0,0.0,0.0,0.0,0.0,0.0,0.0,0,0,0,0,0,0,0,0,0,0,8.630243845774499e-06,0.0,0.0,0.0,0.0,0.0,0.0,0.0,0.0,0.0,1.5684559805969412e-07,0.0,0.0,0.0,0.0,0.0,0.0,0.0,0.0,0.0,1.5708656317047924e-07,0.0,0.0,0.0,0.0,0.0,0.0,0.0,0.0,0.0,4.828015563852938e-10,0.0,0.0,0.0,0.0,0.0,0.0,0.0,0.0,0.0,0.500000004
0.004215201542747038,0.0,0.0,0.0,0.0,0.0,0.0,0.0,0.0,0.0,0.0001622199659511571,0.0,0.0,0.0,0.0,0.0,0.0,0.0,0.0,0.0,0,0,0,0,0,0,0,0,0,0,9.26971234006612e-06,0.0,0.0,0.0,0.0,0.0,0.0,0.0,0.0,0.0,1.6597233739640084e-07,0.0,0.0,0.0,0.0,0.0,0.0,0.0,0.0,0.0,1.662173489307327e-07,0.0,0.0,0.0,0.0,0.0,0.0,0.0,0.0,0.0,5.213379745806376e-10,0.0,0.0,0.0,0.0,0.0,0.0,0.0,0.0,0.0,0.541666671
0.0045000000000000005,0.0,0.0,0.0,0.0,0.0,0.0,0.0,0.0,0.0,0.0001731802950291374,0.0,0.0,0.0,0.0,0.0,0.0,0.0,0.0,0.0,0,0,0,0,0,0,0,0,0,0,9.896016858807852e-06,0.0,0.0,0.0,0.0,0.0,0.0,0.0,0.0,0.0,1.750607739061302e-07,0.0,0.0,0.0,0.0,0.0,0.0,0.0,0.0,0.0,1.753084614218794e-07,0.0,0.0,0.0,0.0,0.0,0.0,0.0,0.0,0.0,5.588577061942642e-10,0.0,0.0,0.0,0.0,0.0,0.0,0.0,0.0,0.0,0.583333338
0.00479678772912846,0.0,0.0,0.0,0.0,0.0,0.0,0.0,0.0,0.0,0.00018460202536058057,0.0,0.0,0.0,0.0,0.0,0.0,0.0,0.0,0.0,0,0,0,0,0,0,0,0,0,0,1.0548687163461749e-05,0.0,0.0,0.0,0.0,0.0,0.0,0.0,0.0,0.0,1.8806309484614844e-07,0.0,0.0,0.0,0.0,0.0,0.0,0.0,0.0,0.0,1.8833991383054024e-07,0.0,0.0,0.0,0.0,0.0,0.0,0.0,0.0,0.0,5.978311163421211e-10,0.0,0.0,0.0,0.0,0.0,0.0,0.0,0.0,0.0,0.625000005
0.005087593637567467,0.0,0.0,0.0,0.0,0.0,0.0,0.0,0.0,0.0,0.0001957935482538436,0.0,0.0,0.0,0.0,0.0,0.0,0.0,0.0,0.0,0,0,0,0,0,0,0,0,0,0,1.1188202757362492e-05,0.0,0.0,0.0,0.0,0.0,0.0,0.0,0.0,0.0,1.8423369994566888e-07,0.0,0.0,0.0,0.0,0.0,0.0,0.0,0.0,0.0,1.845213392646056e-07,0.0,0.0,0.0,0.0,0.0,0.0,0.0,0.0,0.0,6.331375195697696e-10,0.0,0.0,0.0,0.0,0.0,0.0,0.0,0.0,0.0,0.666666672
0.005378413939188307,0.0,0.0,0.0,0.0,0.0,0.0,0.0,0.0,0.0,0.00020698562506165686,0.0,0.0,0.0,0.0,0.0,0.0,0.0,0.0,0.0,0,0,0,0,0,0,0,0,0,0,1.1827750003523253e-05,0.0,0.0,0.0,0.0,0.0,0.0,0.0,0.0,0.0,1.9776823190497756e-07,0.0,0.0,0.0,0.0,0.0,0.0,0.0,0.0,0.0,1.9806174916758246e-07,0.0,0.0,0.0,0.0,0.0,0.0,0.0,0.0,0.0,6.648696926280679e-10,0.0,0.0,0.0,0.0,0.0,0.0,0.0,0.0,0.0,0.708333339
0.005669241111998579,0.0,0.0,0.0,0.0,0.0,0.0,0.0,0.0,0.0,0.00021818207313447626,0.0,0.0,0.0,0.0,0.0,0.0,0.0,0.0,0.0,0,0,0,0,0,0,0,0,0,0,1.246731236021878e-05,0.0,0.0,0.0,0.0,0.0,0.0,0.0,0.0,0.0,2.0577388368698888e-07,0.0,0.0,0.0,0.0,0.0,0.0,0.0,0.0,0.0,2.0606956844229783e-07,0.0,0.0,0.0,0.0,0.0,0.0,0.0,0.0,0.0,7.006301836565256e-10,0.0,0.0,0.0,0.0,0.0,0.0,0.0,0.0,0.0,0.7500000059999999
0.005960058390295692,0.0,0.0,0.0,0.0,0.0,0.0,0.0,0.0,0.0,0.00022941263845182664,0.0,0.0,0.0,0.0,0.0,0.0,0.0,0.0,0.0,0,0,0,0,0,0,0,0,0,0,1.310685295774341e-05,0.0,0.0,0.0,0.0,0.0,0.0,0.0,0.0,0.0,2.1520604105851636e-07,0.0,0.0,0.0,0.0,0.0,0.0,0.0,0.0,0.0,2.1550343707098752e-07,0.0,0.0,0.0,0.0,0.0,0.0,0.0,0.0,0.0,7.379830651205107e-10,0.0,0.0,0.0,0.0,0.0,0.0,0.0,0.0,0.0,0.7916666729999999
0.00625080648135414,0.0,0.0,0.0,0.0,0.0,0.0,0.0,0.0,0.0,0.00024067502701282571,0.0,0.0,0.0,0.0,0.0,0.0,0.0,0.0,0.0,0,0,0,0,0,0,0,0,0,0,1.3746241404583545e-05,0.0,0.0,0.0,0.0,0.0,0.0,0.0,0.0,0.0,2.26730648196989e-07,0.0,0.0,0.0,0.0,0.0,0.0,0.0,0.0,0.0,2.2702898231149708e-07,0.0,0.0,0.0,0.0,0.0,0.0,0.0,0.0,0.0,7.769287393371069e-10,0.0,0.0,0.0,0.0,0.0,0.0,0.0,0.0,0.0,0.8333333399999999
0.006541474726803579,0.0,0.0,0.0,0.0,0.0,0.0,0.0,0.0,0.0,0.00025196881386907336,0.0,0.0,0.0,0.0,0.0,0.0,0.0,0.0,0.0,0,0,0,0,0,0,0,0,0,0,1.4385454261758599e-05,0.0,0.0,0.0,0.0,0.0,0.0,0.0,0.0,0.0,2.3873496791823553e-07,0.0,0.0,0.0,0.0,0.0,0.0,0.0,0.0,0.0,2.390336769490673e-07,0.0,0.0,0.0,0.0,0.0,0.0,0.0,0.0,0.0,8.172730374690824e-10,0.0,0.0,0.0,0.0,0.0,0.0,0.0,0.0,0.0,0.8750000069999999
0.006832049339784211,0.0,0.0,0.0,0.0,0.0,0.0,0.0,0.0,0.0,0.00026323837126259874,0.0,0.0,0.0,0.0,0.0,0.0,0.0,0.0,0.0,0,0,0,0,0,0,0,0,0,0,1.5024461210380353e-05,0.0,0.0,0.0,0.0,0.0,0.0,0.0,0.0,0.0,2.502046588363372e-07,0.0,0.0,0.0,0.0,0.0,0.0,0.0,0.0,0.0,2.505064663781022e-07,0.0,0.0,0.0,0.0,0.0,0.0,0.0,0.0,0.0,8.573868869025882e-10,0.0,0.0,0.0,0.0,0.0,0.0,0.0,0.0,0.0,0.9166666739999999
0.007122619876328621,0.0,0.0,0.0,0.0,0.0,0.0,0.0,0.0,0.0,0.0002745282970201892,0.0,0.0,0.0,0.0,0.0,0.0,0.0,0.0,0.0,0,0,0,0,0,0,0,0,0,0,1.566345919445065e-05,0.0,0.0,0.0,0.0,0.0,0.0,0.0,0.0,0.0,2.616455450181244e-07,0.0,0.0,0.0,0.0,0.0,0.0,0.0,0.0,0.0,2.619511481335341e-07,0.0,0.0,0.0,0.0,0.0,0.0,0.0,0.0,0.0,8.978154310922131e-10,0.0,0.0,0.0,0.0,0.0,0.0,0.0,0.0,0.0,0.9583333409999999
0.007413206052838121,0.0,0.0,0.0,0.0,0.0,0.0,0.0,0.0,0.0,0.0002858532444163003,0.0,0.0,0.0,0.0,0.0,0.0,0.0,0.0,0.0,0,0,0,0,0,0,0,0,0,0,1.6302491572600544e-05,0.0,0.0,0.0,0.0,0.0,0.0,0.0,0.0,0.0,2.7308160480362383e-07,0.0,0.0,0.0,0.0,0.0,0.0,0.0,0.0,0.0,2.733908835948147e-07,0.0,0.0,0.0,0.0,0.0,0.0,0.0,0.0,0.0,9.387552698014012e-10,0.0,0.0,0.0,0.0,0.0,0.0,0.0,0.0,0.0,1.000000008
0.007703802851052145,0.0,0.0,0.0,0.0,0.0,0.0,0.0,0.0,0.0,0.00029721302731819003,0.0,0.0,0.0,0.0,0.0,0.0,0.0,0.0,0.0,0,0,0,0,0,0,0,0,0,0,1.694154730909867e-05,0.0,0.0,0.0,0.0,0.0,0.0,0.0,0.0,0.0,2.8451287060543975e-07,0.0,0.0,0.0,0.0,0.0,0.0,0.0,0.0,0.0,2.8482564785004566e-07,0.0,0.0,0.0,0.0,0.0,0.0,0.0,0.0,0.0,9.802025509070641e-10,0.0,0.0,0.0,0.0,0.0,0.0,0.0,0.0,0.0,1.0416666749999999
0.007994405868356402,0.0,0.0,0.0,0.0,0.0,0.0,0.0,0.0,0.0,0.0003086074813771639,0.0,0.0,0.0,0.0,0.0,0.0,0.0,0.0,0.0,0,0,0,0,0,0,0,0,0,0,1.758061672209053e-05,0.0,0.0,0.0,0.0,0.0,0.0,0.0,0.0,0.0,2.959720524258977e-07,0.0,0.0,0.0,0.0,0.0,0.0,0.0,0.0,0.0,2.9628809820637587e-07,0.0,0.0,0.0,0.0,0.0,0.0,0.0,0.0,0.0,1.0221741744071498e-09,0.0,0.0,0.0,0.0,0.0,0.0,0.0,0.0,0.0,1.083333342
0.008285011160731402,0.0,0.0,0.0,0.0,0.0,0.0,0.0,0.0,0.0,0.0003200364582903856,0.0,0.0,0.0,0.0,0.0,0.0,0.0,0.0,0.0,0,0,0,0,0,0,0,0,0,0,1.7867255923448656e-05,0.0,0.0,0.0,0.0,0.0,0.0,0.0,0.0,0.0,3.0736552146724337e-07,0.0,0.0,0.0,0.0,0.0,0.0,0.0,0.0,0.0,3.0770080696034245e-07,0.0,0.0,0.0,0.0,0.0,0.0,0.0,0.0,0.0,1.044749055895724e-09,0.0,0.0,0.0,0.0,0.0,0.0,0.0,0.0,0.0,1.1250000089999999
0.008575611605914754,0.0,0.0,0.0,0.0,0.0,0.0,0.0,0.0,0.0,0.0003314996846051482,0.0,0.0,0.0,0.0,0.0,0.0,0.0,0.0,0.0,0,0,0,0,0,0,0,0,0,0,1.8506319680051218e-05,0.0,0.0,0.0,0.0,0.0,0.0,0.0,0.0,0.0,3.201420196114595e-07,0.0,0.0,0.0,0.0,0.0,0.0,0.0,0.0,0.0,3.2049112279843493e-07,0.0,0.0,0.0,0.0,0.0,0.0,0.0,0.0,0.0,1.0878659191207549e-09,0.0,0.0,0.0,0.0,0.0,0.0,0.0,0.0,0.0,1.166666676
0.008866204581926695,0.0,0.0,0.0,0.0,0.0,0.0,0.0,0.0,0.0,0.0003429970600574594,0.0,0.0,0.0,0.0,0.0,0.0,0.0,0.0,0.0,0,0,0,0,0,0,0,0,0,0,1.914536701108795e-05,0.0,0.0,0.0,0.0,0.0,0.0,0.0,0.0,0.0,3.217468634401434e-07,0.0,0.0,0.0,0.0,0.0,0.0,0.0,0.0,0.0,3.2210317033553777e-07,0.0,0.0,0.0,0.0,0.0,0.0,0.0,0.0,0.0,1.1311066090996958e-09,0.0,0.0,0.0,0.0,0.0,0.0,0.0,0.0,0.0,1.2083333429999998
0.009156787631970266,0.0,0.0,0.0,0.0,0.0,0.0,0.0,0.0,0.0,0.00035452848980565356,0.0,0.0,0.0,0.0,0.0,0.0,0.0,0.0,0.0,0,0,0,0,0,0,0,0,0,0,1.9784392513780168e-05,0.0,0.0,0.0,0.0,0.0,0.0,0.0,0.0,0.0,3.300385094943989e-07,0.0,0.0,0.0,0.0,0.0,0.0,0.0,0.0,0.0,3.3039881780898194e-07,0.0,0.0,0.0,0.0,0.0,0.0,0.0,0.0,0.0,1.1744894030252875e-09,0.0,0.0,0.0,0.0,0.0,0.0,0.0,0.0,0.0,1.25000001
0.009447358954691643,0.0,0.0,0.0,0.0,0.0,0.0,0.0,0.0,0.0,0.0003660939037021598,0.0,0.0,0.0,0.0,0.0,0.0,0.0,0.0,0.0,0,0,0,0,0,0,0,0,0,0,2.0423392226743913e-05,0.0,0.0,0.0,0.0,0.0,0.0,0.0,0.0,0.0,3.405016157115369e-07,0.0,0.0,0.0,0.0,0.0,0.0,0.0,0.0,0.0,3.408641557291347e-07,0.0,0.0,0.0,0.0,0.0,0.0,0.0,0.0,0.0,1.2183580742421358e-09,0.0,0.0,0.0,0.0,0.0,0.0,0.0,0.0,0.0,1.2916666769999998
0.009737915809600704,0.0,0.0,0.0,0.0,0.0,0.0,0.0,0.0,0.0,0.00037769319414693525,0.0,0.0,0.0,0.0,0.0,0.0,0.0,0.0,0.0,0,0,0,0,0,0,0,0,0,0,2.1062360123326636e-05,0.0,0.0,0.0,0.0,0.0,0.0,0.0,0.0,0.0,3.517150497788789e-07,0.0,0.0,0.0,0.0,0.0,0.0,0.0,0.0,0.0,3.5207867700638084e-07,0.0,0.0,0.0,0.0,0.0,0.0,0.0,0.0,0.0,1.2629550262991294e-09,0.0,0.0,0.0,0.0,0.0,0.0,0.0,0.0,0.0,1.333333344
0.010028455313346493,0.0,0.0,0.0,0.0,0.0,0.0,0.0,0.0,0.0,0.0003893262470660774,0.0,0.0,0.0,0.0,0.0,0.0,0.0,0.0,0.0,0,0,0,0,0,0,0,0,0,0,2.1701289862708415e-05,0.0,0.0,0.0,0.0,0.0,0.0,0.0,0.0,0.0,3.6329656312177094e-07,0.0,0.0,0.0,0.0,0.0,0.0,0.0,0.0,0.0,3.636604443875575e-07,0.0,0.0,0.0,0.0,0.0,0.0,0.0,0.0,0.0,1.3083883496833023e-09,0.0,0.0,0.0,0.0,0.0,0.0,0.0,0.0,0.0,1.375000011
0.010318974447093489,0.0,0.0,0.0,0.0,0.0,0.0,0.0,0.0,0.0,0.0004008372730152567,0.0,0.0,0.0,0.0,0.0,0.0,0.0,0.0,0.0,0,0,0,0,0,0,0,0,0,0,2.2340174806123196e-05,0.0,0.0,0.0,0.0,0.0,0.0,0.0,0.0,0.0,3.7413272857668933e-07,0.0,0.0,0.0,0.0,0.0,0.0,0.0,0.0,0.0,3.74499860060972e-07,0.0,0.0,0.0,0.0,0.0,0.0,0.0,0.0,0.0,1.3516769748636933e-09,0.0,0.0,0.0,0.0,0.0,0.0,0.0,0.0,0.0,1.416666678
0.010609502226175203,0.0,0.0,0.0,0.0,0.0,0.0,0.0,0.0,0.0,0.00041233218185270223,0.0,0.0,0.0,0.0,0.0,0.0,0.0,0.0,0.0,0,0,0,0,0,0,0,0,0,0,2.2979078761622005e-05,0.0,0.0,0.0,0.0,0.0,0.0,0.0,0.0,0.0,3.849678177533139e-07,0.0,0.0,0.0,0.0,0.0,0.0,0.0,0.0,0.0,3.8533924557374353e-07,0.0,0.0,0.0,0.0,0.0,0.0,0.0,0.0,0.0,1.394810253840857e-09,0.0,0.0,0.0,0.0,0.0,0.0,0.0,0.0,0.0,1.458333345
0.010900043921624856,0.0,0.0,0.0,0.0,0.0,0.0,0.0,0.0,0.0,0.0004238620416783967,0.0,0.0,0.0,0.0,0.0,0.0,0.0,0.0,0.0,0,0,0,0,0,0,0,0,0,0,2.361801332081231e-05,0.0,0.0,0.0,0.0,0.0,0.0,0.0,0.0,0.0,3.959274749432797e-07,0.0,0.0,0.0,0.0,0.0,0.0,0.0,0.0,0.0,3.9630306012246424e-07,0.0,0.0,0.0,0.0,0.0,0.0,0.0,0.0,0.0,1.4387236019508698e-09,0.0,0.0,0.0,0.0,0.0,0.0,0.0,0.0,0.0,1.5000000119999999
0.011190594791558888,0.0,0.0,0.0,0.0,0.0,0.0,0.0,0.0,0.0,0.00043542667637032557,0.0,0.0,0.0,0.0,0.0,0.0,0.0,0.0,0.0,0,0,0,0,0,0,0,0,0,0,2.425696805574753e-05,0.0,0.0,0.0,0.0,0.0,0.0,0.0,0.0,0.0,4.0690777861761304e-07,0.0,0.0,0.0,0.0,0.0,0.0,0.0,0.0,0.0,4.072873260361813e-07,0.0,0.0,0.0,0.0,0.0,0.0,0.0,0.0,0.0,1.4833767666285216e-09,0.0,0.0,0.0,0.0,0.0,0.0,0.0,0.0,0.0,1.541666679
0.011481150645110879,0.0,0.0,0.0,0.0,0.0,0.0,0.0,0.0,0.0,0.00044702592916546574,0.0,0.0,0.0,0.0,0.0,0.0,0.0,0.0,0.0,0,0,0,0,0,0,0,0,0,0,2.4895933750231037e-05,0.0,0.0,0.0,0.0,0.0,0.0,0.0,0.0,0.0,4.1788184574022887e-07,0.0,0.0,0.0,0.0,0.0,0.0,0.0,0.0,0.0,4.18265109095408e-07,0.0,0.0,0.0,0.0,0.0,0.0,0.0,0.0,0.0,1.5287384860596587e-09,0.0,0.0,0.0,0.0,0.0,0.0,0.0,0.0,0.0,1.5833333459999999
0.011771707711601603,0.0,0.0,0.0,0.0,0.0,0.0,0.0,0.0,0.0,0.0004586596579331415,0.0,0.0,0.0,0.0,0.0,0.0,0.0,0.0,0.0,0,0,0,0,0,0,0,0,0,0,2.5330864968555964e-05,0.0,0.0,0.0,0.0,0.0,0.0,0.0,0.0,0.0,4.302403287092489e-07,0.0,0.0,0.0,0.0,0.0,0.0,0.0,0.0,0.0,4.3064633503666456e-07,0.0,0.0,0.0,0.0,0.0,0.0,0.0,0.0,0.0,1.563197245291335e-09,0.0,0.0,0.0,0.0,0.0,0.0,0.0,0.0,0.0,1.625000013
0.012062260300796698,0.0,0.0,0.0,0.0,0.0,0.0,0.0,0.0,0.0,0.00047032764442821526,0.0,0.0,0.0,0.0,0.0,0.0,0.0,0.0,0.0,0,0,0,0,0,0,0,0,0,0,2.596982348434373e-05,0.0,0.0,0.0,0.0,0.0,0.0,0.0,0.0,0.0,4.4263510510823835e-07,0.0,0.0,0.0,0.0,0.0,0.0,0.0,0.0,0.0,4.4305541183695217e-07,0.0,0.0,0.0,0.0,0.0,0.0,0.0,0.0,0.0,1.6099856919331037e-09,0.0,0.0,0.0,0.0,0.0,0.0,0.0,0.0,0.0,1.6666666799999998
0.012352805951671469,0.0,0.0,0.0,0.0,0.0,0.0,0.0,0.0,0.0,0.0004820297944348949,0.0,0.0,0.0,0.0,0.0,0.0,0.0,0.0,0.0,0,0,0,0,0,0,0,0,0,0,2.660876674196818e-05,0.0,0.0,0.0,0.0,0.0,0.0,0.0,0.0,0.0,4.441056491854429e-07,0.0,0.0,0.0,0.0,0.0,0.0,0.0,0.0,0.0,4.445334223235567e-07,0.0,0.0,0.0,0.0,0.0,0.0,0.0,0.0,0.0,1.656944487475385e-09,0.0,0.0,0.0,0.0,0.0,0.0,0.0,0.0,0.0,1.708333347
0.012643341989017755,0.0,0.0,0.0,0.0,0.0,0.0,0.0,0.0,0.0,0.0004937660044317446,0.0,0.0,0.0,0.0,0.0,0.0,0.0,0.0,0.0,0,0,0,0,0,0,0,0,0,0,2.7247688858339306e-05,0.0,0.0,0.0,0.0,0.0,0.0,0.0,0.0,0.0,4.5198950952295447e-07,0.0,0.0,0.0,0.0,0.0,0.0,0.0,0.0,0.0,4.5242146888549724e-07,0.0,0.0,0.0,0.0,0.0,0.0,0.0,0.0,0.0,1.7040997303258004e-09,0.0,0.0,0.0,0.0,0.0,0.0,0.0,0.0,0.0,1.7500000139999998
0.012933866835891632,0.0,0.0,0.0,0.0,0.0,0.0,0.0,0.0,0.0,0.0005054785193192851,0.0,0.0,0.0,0.0,0.0,0.0,0.0,0.0,0.0,0,0,0,0,0,0,0,0,0,0,2.78865863655763e-05,0.0,0.0,0.0,0.0,0.0,0.0,0.0,0.0,0.0,4.6155533179370504e-07,0.0,0.0,0.0,0.0,0.0,0.0,0.0,0.0,0.0,4.6198920083760646e-07,0.0,0.0,0.0,0.0,0.0,0.0,0.0,0.0,0.0,1.7506401632326123e-09,0.0,0.0,0.0,0.0,0.0,0.0,0.0,0.0,0.0,1.791666681
0.013224377798003012,0.0,0.0,0.0,0.0,0.0,0.0,0.0,0.0,0.0,0.0005172233120032504,0.0,0.0,0.0,0.0,0.0,0.0,0.0,0.0,0.0,0,0,0,0,0,0,0,0,0,0,2.8525453338625786e-05,0.0,0.0,0.0,0.0,0.0,0.0,0.0,0.0,0.0,4.718187082057567e-07,0.0,0.0,0.0,0.0,0.0,0.0,0.0,0.0,0.0,4.7225334128998973e-07,0.0,0.0,0.0,0.0,0.0,0.0,0.0,0.0,0.0,1.7978926984944392e-09,0.0,0.0,0.0,0.0,0.0,0.0,0.0,0.0,0.0,1.8333333479999998
0.013514872057052003,0.0,0.0,0.0,0.0,0.0,0.0,0.0,0.0,0.0,0.0005290018859438409,0.0,0.0,0.0,0.0,0.0,0.0,0.0,0.0,0.0,0,0,0,0,0,0,0,0,0,0,2.9164283579722612e-05,0.0,0.0,0.0,0.0,0.0,0.0,0.0,0.0,0.0,4.823038412935994e-07,0.0,0.0,0.0,0.0,0.0,0.0,0.0,0.0,0.0,4.827384217429126e-07,0.0,0.0,0.0,0.0,0.0,0.0,0.0,0.0,0.0,1.846006645537099e-09,0.0,0.0,0.0,0.0,0.0,0.0,0.0,0.0,0.0,1.875000015
0.013805346688875415,0.0,0.0,0.0,0.0,0.0,0.0,0.0,0.0,0.0,0.0005406681672686904,0.0,0.0,0.0,0.0,0.0,0.0,0.0,0.0,0.0,0,0,0,0,0,0,0,0,0,0,2.980307065829605e-05,0.0,0.0,0.0,0.0,0.0,0.0,0.0,0.0,0.0,4.920565570474081e-07,0.0,0.0,0.0,0.0,0.0,0.0,0.0,0.0,0.0,4.924937972729596e-07,0.0,0.0,0.0,0.0,0.0,0.0,0.0,0.0,0.0,1.892196251281971e-09,0.0,0.0,0.0,0.0,0.0,0.0,0.0,0.0,0.0,1.9166666819999998
0.014095827058173135,0.0,0.0,0.0,0.0,0.0,0.0,0.0,0.0,0.0,0.0005521117925709445,0.0,0.0,0.0,0.0,0.0,0.0,0.0,0.0,0.0,0,0,0,0,0,0,0,0,0,0,3.0441870354234486e-05,0.0,0.0,0.0,0.0,0.0,0.0,0.0,0.0,0.0,5.006055667205538e-07,0.0,0.0,0.0,0.0,0.0,0.0,0.0,0.0,0.0,5.010449116029497e-07,0.0,0.0,0.0,0.0,0.0,0.0,0.0,0.0,0.0,1.934284206100072e-09,0.0,0.0,0.0,0.0,0.0,0.0,0.0,0.0,0.0,1.958333349
0.01438631976320177,0.0,0.0,0.0,0.0,0.0,0.0,0.0,0.0,0.0,0.0005635796010312232,0.0,0.0,0.0,0.0,0.0,0.0,0.0,0.0,0.0,0,0,0,0,0,0,0,0,0,0,3.1080697177862066e-05,0.0,0.0,0.0,0.0,0.0,0.0,0.0,0.0,0.0,5.094661903501779e-07,0.0,0.0,0.0,0.0,0.0,0.0,0.0,0.0,0.0,5.099075113737556e-07,0.0,0.0,0.0,0.0,0.0,0.0,0.0,0.0,0.0,1.976975950012574e-09,0.0,0.0,0.0,0.0,0.0,0.0,0.0,0.0,0.0,2.000000016
0.014676820055302516,0.0,0.0,0.0,0.0,0.0,0.0,0.0,0.0,0.0,0.0005750821142467524,0.0,0.0,0.0,0.0,0.0,0.0,0.0,0.0,0.0,0,0,0,0,0,0,0,0,0,0,3.171954068633264e-05,0.0,0.0,0.0,0.0,0.0,0.0,0.0,0.0,0.0,5.183497703456377e-07,0.0,0.0,0.0,0.0,0.0,0.0,0.0,0.0,0.0,5.187929752697209e-07,0.0,0.0,0.0,0.0,0.0,0.0,0.0,0.0,0.0,2.0204298921798545e-09,0.0,0.0,0.0,0.0,0.0,0.0,0.0,0.0,0.0,2.041666683
0.014967323718279298,0.0,0.0,0.0,0.0,0.0,0.0,0.0,0.0,0.0,0.0005866191742724302,0.0,0.0,0.0,0.0,0.0,0.0,0.0,0.0,0.0,0,0,0,0,0,0,0,0,0,0,3.2358391607746784e-05,0.0,0.0,0.0,0.0,0.0,0.0,0.0,0.0,0.0,5.272246688240109e-07,0.0,0.0,0.0,0.0,0.0,0.0,0.0,0.0,0.0,5.276696068213786e-07,0.0,0.0,0.0,0.0,0.0,0.0,0.0,0.0,0.0,2.0646091345288896e-09,0.0,0.0,0.0,0.0,0.0,0.0,0.0,0.0,0.0,2.0833333499999998
0.015257826939085797,0.0,0.0,0.0,0.0,0.0,0.0,0.0,0.0,0.0,0.000598190637125566,0.0,0.0,0.0,0.0,0.0,0.0,0.0,0.0,0.0,0,0,0,0,0,0,0,0,0,0,3.265697145887116e-05,0.0,0.0,0.0,0.0,0.0,0.0,0.0,0.0,0.0,5.358452906002911e-07,0.0,0.0,0.0,0.0,0.0,0.0,0.0,0.0,0.0,5.363067137513973e-07,0.0,0.0,0.0,0.0,0.0,0.0,0.0,0.0,0.0,2.090183324756667e-09,0.0,0.0,0.0,0.0,0.0,0.0,0.0,0.0,0.0,2.125000017
0.015548322552057613,0.0,0.0,0.0,0.0,0.0,0.0,0.0,0.0,0.0,0.0006097962269522935,0.0,0.0,0.0,0.0,0.0,0.0,0.0,0.0,0.0,0,0,0,0,0,0,0,0,0,0,3.3295804677399785e-05,0.0,0.0,0.0,0.0,0.0,0.0,0.0,0.0,0.0,5.459153351852156e-07,0.0,0.0,0.0,0.0,0.0,0.0,0.0,0.0,0.0,5.463900581686761e-07,0.0,0.0,0.0,0.0,0.0,0.0,0.0,0.0,0.0,2.1357790296588412e-09,0.0,0.0,0.0,0.0,0.0,0.0,0.0,0.0,0.0,2.166666684
0.015838808294854224,0.0,0.0,0.0,0.0,0.0,0.0,0.0,0.0,0.0,0.0006214358567927703,0.0,0.0,0.0,0.0,0.0,0.0,0.0,0.0,0.0,0,0,0,0,0,0,0,0,0,0,3.393461619027947e-05,0.0,0.0,0.0,0.0,0.0,0.0,0.0,0.0,0.0,5.454438960210334e-07,0.0,0.0,0.0,0.0,0.0,0.0,0.0,0.0,0.0,5.459248396600062e-07,0.0,0.0,0.0,0.0,0.0,0.0,0.0,0.0,0.0,2.1814938930540396e-09,0.0,0.0,0.0,0.0,0.0,0.0,0.0,0.0,0.0,2.208333351
0.016129281162056107,0.0,0.0,0.0,0.0,0.0,0.0,0.0,0.0,0.0,0.0006331094097954212,0.0,0.0,0.0,0.0,0.0,0.0,0.0,0.0,0.0,0,0,0,0,0,0,0,0,0,0,3.4573399388247486e-05,0.0,0.0,0.0,0.0,0.0,0.0,0.0,0.0,0.0,5.51194663811839e-07,0.0,0.0,0.0,0.0,0.0,0.0,0.0,0.0,0.0,5.516784898648162e-07,0.0,0.0,0.0,0.0,0.0,0.0,0.0,0.0,0.0,2.227364562627798e-09,0.0,0.0,0.0,0.0,0.0,0.0,0.0,0.0,0.0,2.2500000179999997
0.016419739803865244,0.0,0.0,0.0,0.0,0.0,0.0,0.0,0.0,0.0,0.0006448168327912834,0.0,0.0,0.0,0.0,0.0,0.0,0.0,0.0,0.0,0,0,0,0,0,0,0,0,0,0,3.521215130294297e-05,0.0,0.0,0.0,0.0,0.0,0.0,0.0,0.0,0.0,5.59029631301442e-07,0.0,0.0,0.0,0.0,0.0,0.0,0.0,0.0,0.0,5.595145565010692e-07,0.0,0.0,0.0,0.0,0.0,0.0,0.0,0.0,0.0,2.2737242694103833e-09,0.0,0.0,0.0,0.0,0.0,0.0,0.0,0.0,0.0,2.291666685
0.016710181444142276,0.0,0.0,0.0,0.0,0.0,0.0,0.0,0.0,0.0,0.000656558016226545,0.0,0.0,0.0,0.0,0.0,0.0,0.0,0.0,0.0,0,0,0,0,0,0,0,0,0,0,3.585086582931659e-05,0.0,0.0,0.0,0.0,0.0,0.0,0.0,0.0,0.0,5.674814840278117e-07,0.0,0.0,0.0,0.0,0.0,0.0,0.0,0.0,0.0,5.679663795375664e-07,0.0,0.0,0.0,0.0,0.0,0.0,0.0,0.0,0.0,2.320853202694468e-09,0.0,0.0,0.0,0.0,0.0,0.0,0.0,0.0,0.0,2.333333352
0.017000603129968494,0.0,0.0,0.0,0.0,0.0,0.0,0.0,0.0,0.0,0.0006683328427596771,0.0,0.0,0.0,0.0,0.0,0.0,0.0,0.0,0.0,0,0,0,0,0,0,0,0,0,0,3.6489536473560964e-05,0.0,0.0,0.0,0.0,0.0,0.0,0.0,0.0,0.0,5.762174945742224e-07,0.0,0.0,0.0,0.0,0.0,0.0,0.0,0.0,0.0,5.767015564330258e-07,0.0,0.0,0.0,0.0,0.0,0.0,0.0,0.0,0.0,2.3688830589378287e-09,0.0,0.0,0.0,0.0,0.0,0.0,0.0,0.0,0.0,2.375000019
0.01729100173798046,0.0,0.0,0.0,0.0,0.0,0.0,0.0,0.0,0.0,0.0006800054384679373,0.0,0.0,0.0,0.0,0.0,0.0,0.0,0.0,0.0,0,0,0,0,0,0,0,0,0,0,3.712815636704112e-05,0.0,0.0,0.0,0.0,0.0,0.0,0.0,0.0,0.0,5.843645991978542e-07,0.0,0.0,0.0,0.0,0.0,0.0,0.0,0.0,0.0,5.848503224879606e-07,0.0,0.0,0.0,0.0,0.0,0.0,0.0,0.0,0.0,2.4152224713086158e-09,0.0,0.0,0.0,0.0,0.0,0.0,0.0,0.0,0.0,2.4166666859999997
0.01758140416805043,0.0,0.0,0.0,0.0,0.0,0.0,0.0,0.0,0.0,0.0006914459242346925,0.0,0.0,0.0,0.0,0.0,0.0,0.0,0.0,0.0,0,0,0,0,0,0,0,0,0,0,3.7766784665665834e-05,0.0,0.0,0.0,0.0,0.0,0.0,0.0,0.0,0.0,5.913539734504044e-07,0.0,0.0,0.0,0.0,0.0,0.0,0.0,0.0,0.0,5.918410519669633e-07,0.0,0.0,0.0,0.0,0.0,0.0,0.0,0.0,0.0,2.4573090609035348e-09,0.0,0.0,0.0,0.0,0.0,0.0,0.0,0.0,0.0,2.458333353
0.01787182077879954,0.0,0.0,0.0,0.0,0.0,0.0,0.0,0.0,0.0,0.0007029099028724153,0.0,0.0,0.0,0.0,0.0,0.0,0.0,0.0,0.0,0,0,0,0,0,0,0,0,0,0,3.840544414923273e-05,0.0,0.0,0.0,0.0,0.0,0.0,0.0,0.0,0.0,5.986642459409919e-07,0.0,0.0,0.0,0.0,0.0,0.0,0.0,0.0,0.0,5.991525695254069e-07,0.0,0.0,0.0,0.0,0.0,0.0,0.0,0.0,0.0,2.500003909988214e-09,0.0,0.0,0.0,0.0,0.0,0.0,0.0,0.0,0.0,2.50000002
0.01816224666024311,0.0,0.0,0.0,0.0,0.0,0.0,0.0,0.0,0.0,0.0007144086365189028,0.0,0.0,0.0,0.0,0.0,0.0,0.0,0.0,0.0,0,0,0,0,0,0,0,0,0,0,3.904412402012155e-05,0.0,0.0,0.0,0.0,0.0,0.0,0.0,0.0,0.0,6.0601848661194e-07,0.0,0.0,0.0,0.0,0.0,0.0,0.0,0.0,0.0,6.065079883423552e-07,0.0,0.0,0.0,0.0,0.0,0.0,0.0,0.0,0.0,2.543471464638303e-09,0.0,0.0,0.0,0.0,0.0,0.0,0.0,0.0,0.0,2.5416666869999998
0.018452677453862365,0.0,0.0,0.0,0.0,0.0,0.0,0.0,0.0,0.0,0.0007259419623906419,0.0,0.0,0.0,0.0,0.0,0.0,0.0,0.0,0.0,0,0,0,0,0,0,0,0,0,0,3.96828146934489e-05,0.0,0.0,0.0,0.0,0.0,0.0,0.0,0.0,0.0,6.133840223509734e-07,0.0,0.0,0.0,0.0,0.0,0.0,0.0,0.0,0.0,6.138745762029784e-07,0.0,0.0,0.0,0.0,0.0,0.0,0.0,0.0,0.0,2.5876692902807488e-09,0.0,0.0,0.0,0.0,0.0,0.0,0.0,0.0,0.0,2.5833333539999996
0.018743109221588727,0.0,0.0,0.0,0.0,0.0,0.0,0.0,0.0,0.0,0.0007375097322582261,0.0,0.0,0.0,0.0,0.0,0.0,0.0,0.0,0.0,0,0,0,0,0,0,0,0,0,0,4.015721089014113e-05,0.0,0.0,0.0,0.0,0.0,0.0,0.0,0.0,0.0,6.221200335973e-07,0.0,0.0,0.0,0.0,0.0,0.0,0.0,0.0,0.0,6.226300858473617e-07,0.0,0.0,0.0,0.0,0.0,0.0,0.0,0.0,0.0,2.6232616601664447e-09,0.0,0.0,0.0,0.0,0.0,0.0,0.0,0.0,0.0,2.625000021
0.019033536269308083,0.0,0.0,0.0,0.0,0.0,0.0,0.0,0.0,0.0,0.0007491117280585952,0.0,0.0,0.0,0.0,0.0,0.0,0.0,0.0,0.0,0,0,0,0,0,0,0,0,0,0,4.079589332580435e-05,0.0,0.0,0.0,0.0,0.0,0.0,0.0,0.0,0.0,6.309530447160699e-07,0.0,0.0,0.0,0.0,0.0,0.0,0.0,0.0,0.0,6.314758424806092e-07,0.0,0.0,0.0,0.0,0.0,0.0,0.0,0.0,0.0,2.6689257605667556e-09,0.0,0.0,0.0,0.0,0.0,0.0,0.0,0.0,0.0,2.666666688
0.01932395640286011,0.0,0.0,0.0,0.0,0.0,0.0,0.0,0.0,0.0,0.0007607478662585751,0.0,0.0,0.0,0.0,0.0,0.0,0.0,0.0,0.0,0,0,0,0,0,0,0,0,0,0,4.143456055641948e-05,0.0,0.0,0.0,0.0,0.0,0.0,0.0,0.0,0.0,6.296918337556017e-07,0.0,0.0,0.0,0.0,0.0,0.0,0.0,0.0,0.0,6.302200562420678e-07,0.0,0.0,0.0,0.0,0.0,0.0,0.0,0.0,0.0,2.714643598377574e-09,0.0,0.0,0.0,0.0,0.0,0.0,0.0,0.0,0.0,2.7083333549999997
0.019614366004280848,0.0,0.0,0.0,0.0,0.0,0.0,0.0,0.0,0.0,0.0007724180068643532,0.0,0.0,0.0,0.0,0.0,0.0,0.0,0.0,0.0,0,0,0,0,0,0,0,0,0,0,4.207320462566821e-05,0.0,0.0,0.0,0.0,0.0,0.0,0.0,0.0,0.0,6.343733166788414e-07,0.0,0.0,0.0,0.0,0.0,0.0,0.0,0.0,0.0,6.349035752727267e-07,0.0,0.0,0.0,0.0,0.0,0.0,0.0,0.0,0.0,2.7604429525115124e-09,0.0,0.0,0.0,0.0,0.0,0.0,0.0,0.0,0.0,2.750000022
0.019904763868599972,0.0,0.0,0.0,0.0,0.0,0.0,0.0,0.0,0.0,0.0007841221029939046,0.0,0.0,0.0,0.0,0.0,0.0,0.0,0.0,0.0,0,0,0,0,0,0,0,0,0,0,4.27118228836824e-05,0.0,0.0,0.0,0.0,0.0,0.0,0.0,0.0,0.0,6.410843446634295e-07,0.0,0.0,0.0,0.0,0.0,0.0,0.0,0.0,0.0,6.416148676534311e-07,0.0,0.0,0.0,0.0,0.0,0.0,0.0,0.0,0.0,2.8067018637934592e-09,0.0,0.0,0.0,0.0,0.0,0.0,0.0,0.0,0.0,2.791666689
0.020195147077447392,0.0,0.0,0.0,0.0,0.0,0.0,0.0,0.0,0.0,0.0007958600401630569,0.0,0.0,0.0,0.0,0.0,0.0,0.0,0.0,0.0,0,0,0,0,0,0,0,0,0,0,4.335040891263103e-05,0.0,0.0,0.0,0.0,0.0,0.0,0.0,0.0,0.0,6.483369250243066e-07,0.0,0.0,0.0,0.0,0.0,0.0,0.0,0.0,0.0,6.488666032420487e-07,0.0,0.0,0.0,0.0,0.0,0.0,0.0,0.0,0.0,2.8537499648495496e-09,0.0,0.0,0.0,0.0,0.0,0.0,0.0,0.0,0.0,2.833333356
0.020485512567648623,0.0,0.0,0.0,0.0,0.0,0.0,0.0,0.0,0.0,0.0008076316973042259,0.0,0.0,0.0,0.0,0.0,0.0,0.0,0.0,0.0,0,0,0,0,0,0,0,0,0,0,4.3988955976241554e-05,0.0,0.0,0.0,0.0,0.0,0.0,0.0,0.0,0.0,6.558298262022938e-07,0.0,0.0,0.0,0.0,0.0,0.0,0.0,0.0,0.0,6.563578792486605e-07,0.0,0.0,0.0,0.0,0.0,0.0,0.0,0.0,0.0,2.901736505159201e-09,0.0,0.0,0.0,0.0,0.0,0.0,0.0,0.0,0.0,2.8750000229999997
0.020775857137480154,0.0,0.0,0.0,0.0,0.0,0.0,0.0,0.0,0.0,0.000819311982936007,0.0,0.0,0.0,0.0,0.0,0.0,0.0,0.0,0.0,0,0,0,0,0,0,0,0,0,0,4.4627457033556255e-05,0.0,0.0,0.0,0.0,0.0,0.0,0.0,0.0,0.0,6.628017913537194e-07,0.0,0.0,0.0,0.0,0.0,0.0,0.0,0.0,0.0,6.633305006882139e-07,0.0,0.0,0.0,0.0,0.0,0.0,0.0,0.0,0.0,2.948276392221913e-09,0.0,0.0,0.0,0.0,0.0,0.0,0.0,0.0,0.0,2.91666669
0.02106620485270183,0.0,0.0,0.0,0.0,0.0,0.0,0.0,0.0,0.0,0.0008307498912097525,0.0,0.0,0.0,0.0,0.0,0.0,0.0,0.0,0.0,0,0,0,0,0,0,0,0,0,0,4.526596500794515e-05,0.0,0.0,0.0,0.0,0.0,0.0,0.0,0.0,0.0,6.685973356008698e-07,0.0,0.0,0.0,0.0,0.0,0.0,0.0,0.0,0.0,6.691266638652755e-07,0.0,0.0,0.0,0.0,0.0,0.0,0.0,0.0,0.0,2.990391484507629e-09,0.0,0.0,0.0,0.0,0.0,0.0,0.0,0.0,0.0,2.958333357
0.02135656787350404,0.0,0.0,0.0,0.0,0.0,0.0,0.0,0.0,0.0,0.0008422108617097714,0.0,0.0,0.0,0.0,0.0,0.0,0.0,0.0,0.0,0,0,0,0,0,0,0,0,0,0,4.59045066410636e-05,0.0,0.0,0.0,0.0,0.0,0.0,0.0,0.0,0.0,6.747065989353653e-07,0.0,0.0,0.0,0.0,0.0,0.0,0.0,0.0,0.0,6.752364583432779e-07,0.0,0.0,0.0,0.0,0.0,0.0,0.0,0.0,0.0,3.0331197143789243e-09,0.0,0.0,0.0,0.0,0.0,0.0,0.0,0.0,0.0,3.0000000239999998
0.02164694092422702,0.0,0.0,0.0,0.0,0.0,0.0,0.0,0.0,0.0,0.0008537066070498539,0.0,0.0,0.0,0.0,0.0,0.0,0.0,0.0,0.0,0,0,0,0,0,0,0,0,0,0,4.654307033112985e-05,0.0,0.0,0.0,0.0,0.0,0.0,0.0,0.0,0.0,6.808601604866039e-07,0.0,0.0,0.0,0.0,0.0,0.0,0.0,0.0,0.0,6.813905091378401e-07,0.0,0.0,0.0,0.0,0.0,0.0,0.0,0.0,0.0,3.0766260719381078e-09,0.0,0.0,0.0,0.0,0.0,0.0,0.0,0.0,0.0,3.0416666909999996
0.021937319336368537,0.0,0.0,0.0,0.0,0.0,0.0,0.0,0.0,0.0,0.0008652369528072247,0.0,0.0,0.0,0.0,0.0,0.0,0.0,0.0,0.0,0,0,0,0,0,0,0,0,0,0,4.718164581157124e-05,0.0,0.0,0.0,0.0,0.0,0.0,0.0,0.0,0.0,6.870288554866375e-07,0.0,0.0,0.0,0.0,0.0,0.0,0.0,0.0,0.0,6.875595906323029e-07,0.0,0.0,0.0,0.0,0.0,0.0,0.0,0.0,0.0,3.120863027859868e-09,0.0,0.0,0.0,0.0,0.0,0.0,0.0,0.0,0.0,3.083333358
0.02222769890175271,0.0,0.0,0.0,0.0,0.0,0.0,0.0,0.0,0.0,0.000876801740544605,0.0,0.0,0.0,0.0,0.0,0.0,0.0,0.0,0.0,0,0,0,0,0,0,0,0,0,0,4.7472671929391605e-05,0.0,0.0,0.0,0.0,0.0,0.0,0.0,0.0,0.0,6.926425349247372e-07,0.0,0.0,0.0,0.0,0.0,0.0,0.0,0.0,0.0,6.931863168106253e-07,0.0,0.0,0.0,0.0,0.0,0.0,0.0,0.0,0.0,3.146146099493773e-09,0.0,0.0,0.0,0.0,0.0,0.0,0.0,0.0,0.0,3.125000025
0.02251807158952698,0.0,0.0,0.0,0.0,0.0,0.0,0.0,0.0,0.0,0.0008884006615045674,0.0,0.0,0.0,0.0,0.0,0.0,0.0,0.0,0.0,0,0,0,0,0,0,0,0,0,0,4.811123482129195e-05,0.0,0.0,0.0,0.0,0.0,0.0,0.0,0.0,0.0,7.000234014587146e-07,0.0,0.0,0.0,0.0,0.0,0.0,0.0,0.0,0.0,7.005803437080927e-07,0.0,0.0,0.0,0.0,0.0,0.0,0.0,0.0,0.0,3.1917938928782407e-09,0.0,0.0,0.0,0.0,0.0,0.0,0.0,0.0,0.0,3.1666666919999997
0.02280843538821197,0.0,0.0,0.0,0.0,0.0,0.0,0.0,0.0,0.0,0.000900033639036189,0.0,0.0,0.0,0.0,0.0,0.0,0.0,0.0,0.0,0,0,0,0,0,0,0,0,0,0,4.8749778165063986e-05,0.0,0.0,0.0,0.0,0.0,0.0,0.0,0.0,0.0,6.974880120374803e-07,0.0,0.0,0.0,0.0,0.0,0.0,0.0,0.0,0.0,6.980504083061436e-07,0.0,0.0,0.0,0.0,0.0,0.0,0.0,0.0,0.0,3.2374209538067808e-09,0.0,0.0,0.0,0.0,0.0,0.0,0.0,0.0,0.0,3.2083333589999996
0.0230987861511174,0.0,0.0,0.0,0.0,0.0,0.0,0.0,0.0,0.0,0.0009117005122949824,0.0,0.0,0.0,0.0,0.0,0.0,0.0,0.0,0.0,0,0,0,0,0,0,0,0,0,0,4.93882928416595e-05,0.0,0.0,0.0,0.0,0.0,0.0,0.0,0.0,0.0,7.008268829468712e-07,0.0,0.0,0.0,0.0,0.0,0.0,0.0,0.0,0.0,7.013911998009301e-07,0.0,0.0,0.0,0.0,0.0,0.0,0.0,0.0,0.0,3.283068364064602e-09,0.0,0.0,0.0,0.0,0.0,0.0,0.0,0.0,0.0,3.250000026
0.02338912292603947,0.0,0.0,0.0,0.0,0.0,0.0,0.0,0.0,0.0,0.000923401243945889,0.0,0.0,0.0,0.0,0.0,0.0,0.0,0.0,0.0,0,0,0,0,0,0,0,0,0,0,5.002677675707299e-05,0.0,0.0,0.0,0.0,0.0,0.0,0.0,0.0,0.0,7.062751687401709e-07,0.0,0.0,0.0,0.0,0.0,0.0,0.0,0.0,0.0,7.068395791868305e-07,0.0,0.0,0.0,0.0,0.0,0.0,0.0,0.0,0.0,3.3291610719173204e-09,0.0,0.0,0.0,0.0,0.0,0.0,0.0,0.0,0.0,3.291666693
0.023679442658917436,0.0,0.0,0.0,0.0,0.0,0.0,0.0,0.0,0.0,0.0009351357138983811,0.0,0.0,0.0,0.0,0.0,0.0,0.0,0.0,0.0,0,0,0,0,0,0,0,0,0,0,5.0665223195074094e-05,0.0,0.0,0.0,0.0,0.0,0.0,0.0,0.0,0.0,7.122884678850557e-07,0.0,0.0,0.0,0.0,0.0,0.0,0.0,0.0,0.0,7.128518288717513e-07,0.0,0.0,0.0,0.0,0.0,0.0,0.0,0.0,0.0,3.3760827681754306e-09,0.0,0.0,0.0,0.0,0.0,0.0,0.0,0.0,0.0,3.3333333599999997
0.023969742106598694,0.0,0.0,0.0,0.0,0.0,0.0,0.0,0.0,0.0,0.0009469037937021866,0.0,0.0,0.0,0.0,0.0,0.0,0.0,0.0,0.0,0,0,0,0,0,0,0,0,0,0,5.130362502359772e-05,0.0,0.0,0.0,0.0,0.0,0.0,0.0,0.0,0.0,7.185761628413556e-07,0.0,0.0,0.0,0.0,0.0,0.0,0.0,0.0,0.0,7.191376746763514e-07,0.0,0.0,0.0,0.0,0.0,0.0,0.0,0.0,0.0,3.4239976972465997e-09,0.0,0.0,0.0,0.0,0.0,0.0,0.0,0.0,0.0,3.375000027
0.024260017838355095,0.0,0.0,0.0,0.0,0.0,0.0,0.0,0.0,0.0,0.0009585916490721079,0.0,0.0,0.0,0.0,0.0,0.0,0.0,0.0,0.0,0,0,0,0,0,0,0,0,0,0,5.194197469807864e-05,0.0,0.0,0.0,0.0,0.0,0.0,0.0,0.0,0.0,7.244554083447787e-07,0.0,0.0,0.0,0.0,0.0,0.0,0.0,0.0,0.0,7.25017077355222e-07,0.0,0.0,0.0,0.0,0.0,0.0,0.0,0.0,0.0,3.4707301540446528e-09,0.0,0.0,0.0,0.0,0.0,0.0,0.0,0.0,0.0,3.416666694
0.024550294145346246,0.0,0.0,0.0,0.0,0.0,0.0,0.0,0.0,0.0,0.0009700265733419655,0.0,0.0,0.0,0.0,0.0,0.0,0.0,0.0,0.0,0,0,0,0,0,0,0,0,0,0,5.258032563756684e-05,0.0,0.0,0.0,0.0,0.0,0.0,0.0,0.0,0.0,7.291812472110678e-07,0.0,0.0,0.0,0.0,0.0,0.0,0.0,0.0,0.0,7.297432799365198e-07,0.0,0.0,0.0,0.0,0.0,0.0,0.0,0.0,0.0,3.5128688722647525e-09,0.0,0.0,0.0,0.0,0.0,0.0,0.0,0.0,0.0,3.4583333609999998
0.02484058792140006,0.0,0.0,0.0,0.0,0.0,0.0,0.0,0.0,0.0,0.0009814838942926337,0.0,0.0,0.0,0.0,0.0,0.0,0.0,0.0,0.0,0,0,0,0,0,0,0,0,0,0,5.3218714993530295e-05,0.0,0.0,0.0,0.0,0.0,0.0,0.0,0.0,0.0,7.342457999094567e-07,0.0,0.0,0.0,0.0,0.0,0.0,0.0,0.0,0.0,7.348081043559568e-07,0.0,0.0,0.0,0.0,0.0,0.0,0.0,0.0,0.0,3.555623844672783e-09,0.0,0.0,0.0,0.0,0.0,0.0,0.0,0.0,0.0,3.5000000279999997
0.025130893777544207,0.0,0.0,0.0,0.0,0.0,0.0,0.0,0.0,0.0,0.000992976055872282,0.0,0.0,0.0,0.0,0.0,0.0,0.0,0.0,0.0,0,0,0,0,0,0,0,0,0,0,5.385713091499988e-05,0.0,0.0,0.0,0.0,0.0,0.0,0.0,0.0,0.0,7.393798979705368e-07,0.0,0.0,0.0,0.0,0.0,0.0,0.0,0.0,0.0,7.399424366522557e-07,0.0,0.0,0.0,0.0,0.0,0.0,0.0,0.0,0.0,3.5991637469670072e-09,0.0,0.0,0.0,0.0,0.0,0.0,0.0,0.0,0.0,3.541666695
0.025421206944447085,0.0,0.0,0.0,0.0,0.0,0.0,0.0,0.0,0.0,0.0010045028804673858,0.0,0.0,0.0,0.0,0.0,0.0,0.0,0.0,0.0,0,0,0,0,0,0,0,0,0,0,5.44955629136676e-05,0.0,0.0,0.0,0.0,0.0,0.0,0.0,0.0,0.0,7.445530023636767e-07,0.0,0.0,0.0,0.0,0.0,0.0,0.0,0.0,0.0,7.451156779003528e-07,0.0,0.0,0.0,0.0,0.0,0.0,0.0,0.0,0.0,3.6434350640577398e-09,0.0,0.0,0.0,0.0,0.0,0.0,0.0,0.0,0.0,3.583333362
0.02571152312616145,0.0,0.0,0.0,0.0,0.0,0.0,0.0,0.0,0.0,0.0010160642068919006,0.0,0.0,0.0,0.0,0.0,0.0,0.0,0.0,0.0,0,0,0,0,0,0,0,0,0,0,5.502499379674979e-05,0.0,0.0,0.0,0.0,0.0,0.0,0.0,0.0,0.0,7.512162930040942e-07,0.0,0.0,0.0,0.0,0.0,0.0,0.0,0.0,0.0,7.517969538613228e-07,0.0,0.0,0.0,0.0,0.0,0.0,0.0,0.0,0.0,3.682247499498684e-09,0.0,0.0,0.0,0.0,0.0,0.0,0.0,0.0,0.0,3.6250000289999997
0.02600183676478404,0.0,0.0,0.0,0.0,0.0,0.0,0.0,0.0,0.0,0.001027659823193719,0.0,0.0,0.0,0.0,0.0,0.0,0.0,0.0,0.0,0,0,0,0,0,0,0,0,0,0,5.566342683278334e-05,0.0,0.0,0.0,0.0,0.0,0.0,0.0,0.0,0.0,7.579786437724892e-07,0.0,0.0,0.0,0.0,0.0,0.0,0.0,0.0,0.0,7.585722536734117e-07,0.0,0.0,0.0,0.0,0.0,0.0,0.0,0.0,0.0,3.728000499437834e-09,0.0,0.0,0.0,0.0,0.0,0.0,0.0,0.0,0.0,3.6666666959999996
0.02629214595746784,0.0,0.0,0.0,0.0,0.0,0.0,0.0,0.0,0.0,0.0010392896579681803,0.0,0.0,0.0,0.0,0.0,0.0,0.0,0.0,0.0,0,0,0,0,0,0,0,0,0,0,5.630185009168685e-05,0.0,0.0,0.0,0.0,0.0,0.0,0.0,0.0,0.0,7.551287806049559e-07,0.0,0.0,0.0,0.0,0.0,0.0,0.0,0.0,0.0,7.557273232378686e-07,0.0,0.0,0.0,0.0,0.0,0.0,0.0,0.0,0.0,3.773649015161018e-09,0.0,0.0,0.0,0.0,0.0,0.0,0.0,0.0,0.0,3.708333363
0.026582446050408444,0.0,0.0,0.0,0.0,0.0,0.0,0.0,0.0,0.0,0.0010509535315948993,0.0,0.0,0.0,0.0,0.0,0.0,0.0,0.0,0.0,0,0,0,0,0,0,0,0,0,0,5.6940253339209894e-05,0.0,0.0,0.0,0.0,0.0,0.0,0.0,0.0,0.0,7.580390572518253e-07,0.0,0.0,0.0,0.0,0.0,0.0,0.0,0.0,0.0,7.586389290407126e-07,0.0,0.0,0.0,0.0,0.0,0.0,0.0,0.0,0.0,3.819220751566654e-09,0.0,0.0,0.0,0.0,0.0,0.0,0.0,0.0,0.0,3.75000003
0.026872735687447975,0.0,0.0,0.0,0.0,0.0,0.0,0.0,0.0,0.0,0.001062651391853197,0.0,0.0,0.0,0.0,0.0,0.0,0.0,0.0,0.0,0,0,0,0,0,0,0,0,0,0,5.7578633593005545e-05,0.0,0.0,0.0,0.0,0.0,0.0,0.0,0.0,0.0,7.628516826914806e-07,0.0,0.0,0.0,0.0,0.0,0.0,0.0,0.0,0.0,7.634510551268114e-07,0.0,0.0,0.0,0.0,0.0,0.0,0.0,0.0,0.0,3.865207067137125e-09,0.0,0.0,0.0,0.0,0.0,0.0,0.0,0.0,0.0,3.7916666969999997
0.02716301196817471,0.0,0.0,0.0,0.0,0.0,0.0,0.0,0.0,0.0,0.0010743831254758894,0.0,0.0,0.0,0.0,0.0,0.0,0.0,0.0,0.0,0,0,0,0,0,0,0,0,0,0,5.821698447473528e-05,0.0,0.0,0.0,0.0,0.0,0.0,0.0,0.0,0.0,7.682300472969437e-07,0.0,0.0,0.0,0.0,0.0,0.0,0.0,0.0,0.0,7.688277902836884e-07,0.0,0.0,0.0,0.0,0.0,0.0,0.0,0.0,0.0,3.912044948921086e-09,0.0,0.0,0.0,0.0,0.0,0.0,0.0,0.0,0.0,3.8333333639999996
0.02745327155116586,0.0,0.0,0.0,0.0,0.0,0.0,0.0,0.0,0.0,0.001086148600983345,0.0,0.0,0.0,0.0,0.0,0.0,0.0,0.0,0.0,0,0,0,0,0,0,0,0,0,0,5.88552986362266e-05,0.0,0.0,0.0,0.0,0.0,0.0,0.0,0.0,0.0,7.738266898086743e-07,0.0,0.0,0.0,0.0,0.0,0.0,0.0,0.0,0.0,7.74422018380985e-07,0.0,0.0,0.0,0.0,0.0,0.0,0.0,0.0,0.0,3.959927306186899e-09,0.0,0.0,0.0,0.0,0.0,0.0,0.0,0.0,0.0,3.875000031
0.027743510964057277,0.0,0.0,0.0,0.0,0.0,0.0,0.0,0.0,0.0,0.0010978457284040468,0.0,0.0,0.0,0.0,0.0,0.0,0.0,0.0,0.0,0,0,0,0,0,0,0,0,0,0,5.9493568441351926e-05,0.0,0.0,0.0,0.0,0.0,0.0,0.0,0.0,0.0,7.790557015978768e-07,0.0,0.0,0.0,0.0,0.0,0.0,0.0,0.0,0.0,7.796503795501138e-07,0.0,0.0,0.0,0.0,0.0,0.0,0.0,0.0,0.0,4.006897956050976e-09,0.0,0.0,0.0,0.0,0.0,0.0,0.0,0.0,0.0,3.916666698
0.028033750367498295,0.0,0.0,0.0,0.0,0.0,0.0,0.0,0.0,0.0,0.0011092786790496232,0.0,0.0,0.0,0.0,0.0,0.0,0.0,0.0,0.0,0,0,0,0,0,0,0,0,0,0,6.013183822569474e-05,0.0,0.0,0.0,0.0,0.0,0.0,0.0,0.0,0.0,7.830820988383495e-07,0.0,0.0,0.0,0.0,0.0,0.0,0.0,0.0,0.0,7.836766210698384e-07,0.0,0.0,0.0,0.0,0.0,0.0,0.0,0.0,0.0,4.0490866963989725e-09,0.0,0.0,0.0,0.0,0.0,0.0,0.0,0.0,0.0,3.9583333649999997
0.02832400793506322,0.0,0.0,0.0,0.0,0.0,0.0,0.0,0.0,0.0,0.0011207335908780566,0.0,0.0,0.0,0.0,0.0,0.0,0.0,0.0,0.0,0,0,0,0,0,0,0,0,0,0,6.0770147955032296e-05,0.0,0.0,0.0,0.0,0.0,0.0,0.0,0.0,0.0,7.874330080265463e-07,0.0,0.0,0.0,0.0,0.0,0.0,0.0,0.0,0.0,7.880272979042395e-07,0.0,0.0,0.0,0.0,0.0,0.0,0.0,0.0,0.0,4.091895008887466e-09,0.0,0.0,0.0,0.0,0.0,0.0,0.0,0.0,0.0,4.000000032
0.02861427788720107,0.0,0.0,0.0,0.0,0.0,0.0,0.0,0.0,0.0,0.0011322233490640228,0.0,0.0,0.0,0.0,0.0,0.0,0.0,0.0,0.0,0,0,0,0,0,0,0,0,0,0,6.140848491946819e-05,0.0,0.0,0.0,0.0,0.0,0.0,0.0,0.0,0.0,7.918451101203607e-07,0.0,0.0,0.0,0.0,0.0,0.0,0.0,0.0,0.0,7.924391481874436e-07,0.0,0.0,0.0,0.0,0.0,0.0,0.0,0.0,0.0,4.135490136142313e-09,0.0,0.0,0.0,0.0,0.0,0.0,0.0,0.0,0.0,4.041666698999999
0.028904555126810127,0.0,0.0,0.0,0.0,0.0,0.0,0.0,0.0,0.0,0.0011437477635025334,0.0,0.0,0.0,0.0,0.0,0.0,0.0,0.0,0.0,0,0,0,0,0,0,0,0,0,0,6.204683790989028e-05,0.0,0.0,0.0,0.0,0.0,0.0,0.0,0.0,0.0,7.962912608119114e-07,0.0,0.0,0.0,0.0,0.0,0.0,0.0,0.0,0.0,7.968849660446974e-07,0.0,0.0,0.0,0.0,0.0,0.0,0.0,0.0,0.0,4.179813211880043e-09,0.0,0.0,0.0,0.0,0.0,0.0,0.0,0.0,0.0,4.083333366
0.029194835073875665,0.0,0.0,0.0,0.0,0.0,0.0,0.0,0.0,0.0,0.001155306662097884,0.0,0.0,0.0,0.0,0.0,0.0,0.0,0.0,0.0,0,0,0,0,0,0,0,0,0,0,6.254658027522279e-05,0.0,0.0,0.0,0.0,0.0,0.0,0.0,0.0,0.0,8.0176188213896e-07,0.0,0.0,0.0,0.0,0.0,0.0,0.0,0.0,0.0,8.02371150884641e-07,0.0,0.0,0.0,0.0,0.0,0.0,0.0,0.0,0.0,4.2170124761834035e-09,0.0,0.0,0.0,0.0,0.0,0.0,0.0,0.0,0.0,4.125000033
0.02948511153975574,0.0,0.0,0.0,0.0,0.0,0.0,0.0,0.0,0.0,0.0011668998084086325,0.0,0.0,0.0,0.0,0.0,0.0,0.0,0.0,0.0,0,0,0,0,0,0,0,0,0,0,6.318493156412599e-05,0.0,0.0,0.0,0.0,0.0,0.0,0.0,0.0,0.0,8.077603210535847e-07,0.0,0.0,0.0,0.0,0.0,0.0,0.0,0.0,0.0,8.083828639914412e-07,0.0,0.0,0.0,0.0,0.0,0.0,0.0,0.0,0.0,4.262799951413711e-09,0.0,0.0,0.0,0.0,0.0,0.0,0.0,0.0,0.0,4.1666666999999995
0.02977538272280009,0.0,0.0,0.0,0.0,0.0,0.0,0.0,0.0,0.0,0.001178527134886204,0.0,0.0,0.0,0.0,0.0,0.0,0.0,0.0,0.0,0,0,0,0,0,0,0,0,0,0,6.382327123546665e-05,0.0,0.0,0.0,0.0,0.0,0.0,0.0,0.0,0.0,8.042460440648306e-07,0.0,0.0,0.0,0.0,0.0,0.0,0.0,0.0,0.0,8.048734203881488e-07,0.0,0.0,0.0,0.0,0.0,0.0,0.0,0.0,0.0,4.308388475476591e-09,0.0,0.0,0.0,0.0,0.0,0.0,0.0,0.0,0.0,4.208333367
0.030065643662733125,0.0,0.0,0.0,0.0,0.0,0.0,0.0,0.0,0.0,0.0011901884498702311,0.0,0.0,0.0,0.0,0.0,0.0,0.0,0.0,0.0,0,0,0,0,0,0,0,0,0,0,6.446158838102904e-05,0.0,0.0,0.0,0.0,0.0,0.0,0.0,0.0,0.0,8.065603290686025e-07,0.0,0.0,0.0,0.0,0.0,0.0,0.0,0.0,0.0,8.071888008516192e-07,0.0,0.0,0.0,0.0,0.0,0.0,0.0,0.0,0.0,4.353809820479946e-09,0.0,0.0,0.0,0.0,0.0,0.0,0.0,0.0,0.0,4.250000034
0.030355892209736408,0.0,0.0,0.0,0.0,0.0,0.0,0.0,0.0,0.0,0.0012018836699793187,0.0,0.0,0.0,0.0,0.0,0.0,0.0,0.0,0.0,0,0,0,0,0,0,0,0,0,0,6.509987827311547e-05,0.0,0.0,0.0,0.0,0.0,0.0,0.0,0.0,0.0,8.105736300330365e-07,0.0,0.0,0.0,0.0,0.0,0.0,0.0,0.0,0.0,8.112013185330687e-07,0.0,0.0,0.0,0.0,0.0,0.0,0.0,0.0,0.0,4.399634600342935e-09,0.0,0.0,0.0,0.0,0.0,0.0,0.0,0.0,0.0,4.291666701
0.030646125739020293,0.0,0.0,0.0,0.0,0.0,0.0,0.0,0.0,0.0,0.0012136126924367195,0.0,0.0,0.0,0.0,0.0,0.0,0.0,0.0,0.0,0,0,0,0,0,0,0,0,0,0,6.573813513951206e-05,0.0,0.0,0.0,0.0,0.0,0.0,0.0,0.0,0.0,8.152606255236361e-07,0.0,0.0,0.0,0.0,0.0,0.0,0.0,0.0,0.0,8.158863813786969e-07,0.0,0.0,0.0,0.0,0.0,0.0,0.0,0.0,0.0,4.446346415292897e-09,0.0,0.0,0.0,0.0,0.0,0.0,0.0,0.0,0.0,4.333333368
0.03093634066495513,0.0,0.0,0.0,0.0,0.0,0.0,0.0,0.0,0.0,0.0012253753759391985,0.0,0.0,0.0,0.0,0.0,0.0,0.0,0.0,0.0,0,0,0,0,0,0,0,0,0,0,6.637635109500735e-05,0.0,0.0,0.0,0.0,0.0,0.0,0.0,0.0,0.0,8.201592492151231e-07,0.0,0.0,0.0,0.0,0.0,0.0,0.0,0.0,0.0,8.207822749104983e-07,0.0,0.0,0.0,0.0,0.0,0.0,0.0,0.0,0.0,4.494172922418716e-09,0.0,0.0,0.0,0.0,0.0,0.0,0.0,0.0,0.0,4.375000034999999
0.03137523114131759,0.0,0.0,0.0,0.0,0.0,0.0,0.0,0.0,0.0,0.001242322323663576,0.0,0.0,0.0,0.0,0.0,0.0,0.0,0.0,0.0,0,0,0,0,0,0,0,0,0,0,6.732744949769864e-05,0.0,0.0,0.0,0.0,0.0,0.0,0.0,0.0,0.0,8.247561919894277e-07,0.0,0.0,0.0,0.0,0.0,0.0,0.0,0.0,0.0,8.253840192344801e-07,0.0,0.0,0.0,0.0,0.0,0.0,0.0,0.0,0.0,4.541376200672762e-09,0.0,0.0,0.0,0.0,0.0,0.0,0.0,0.0,0.0,4.416666702
0.0319440996168863,0.0,0.0,0.0,0.0,0.0,0.0,0.0,0.0,0.0,0.0012635746303804314,0.0,0.0,0.0,0.0,0.0,0.0,0.0,0.0,0.0,0,0,0,0,0,0,0,0,0,0,6.855208352727215e-05,0.0,0.0,0.0,0.0,0.0,0.0,0.0,0.0,0.0,8.277954709583937e-07,0.0,0.0,0.0,0.0,0.0,0.0,0.0,0.0,0.0,8.284336861290702e-07,0.0,0.0,0.0,0.0,0.0,0.0,0.0,0.0,0.0,4.5836132873040505e-09,0.0,0.0,0.0,0.0,0.0,0.0,0.0,0.0,0.0,4.458333369
0.03251296211003606,0.0,0.0,0.0,0.0,0.0,0.0,0.0,0.0,0.0,0.001284847363133558,0.0,0.0,0.0,0.0,0.0,0.0,0.0,0.0,0.0,0,0,0,0,0,0,0,0,0,0,6.977670672967298e-05,0.0,0.0,0.0,0.0,0.0,0.0,0.0,0.0,0.0,8.357306622486181e-07,0.0,0.0,0.0,0.0,0.0,0.0,0.0,0.0,0.0,8.36444315049196e-07,0.0,0.0,0.0,0.0,0.0,0.0,0.0,0.0,0.0,4.626471408891575e-09,0.0,0.0,0.0,0.0,0.0,0.0,0.0,0.0,0.0,4.500000035999999
0.033081807479895725,0.0,0.0,0.0,0.0,0.0,0.0,0.0,0.0,0.0,0.001306153887218201,0.0,0.0,0.0,0.0,0.0,0.0,0.0,0.0,0.0,0,0,0,0,0,0,0,0,0,0,7.100129494156146e-05,0.0,0.0,0.0,0.0,0.0,0.0,0.0,0.0,0.0,8.39587226517211e-07,0.0,0.0,0.0,0.0,0.0,0.0,0.0,0.0,0.0,8.403205158065465e-07,0.0,0.0,0.0,0.0,0.0,0.0,0.0,0.0,0.0,4.756002330377141e-09,0.0,0.0,0.0,0.0,0.0,0.0,0.0,0.0,0.0,4.541666703
0.033650626706386036,0.0,0.0,0.0,0.0,0.0,0.0,0.0,0.0,0.0,0.0013274938683907895,0.0,0.0,0.0,0.0,0.0,0.0,0.0,0.0,0.0,0,0,0,0,0,0,0,0,0,0,7.222582855531447e-05,0.0,0.0,0.0,0.0,0.0,0.0,0.0,0.0,0.0,8.442114829328012e-07,0.0,0.0,0.0,0.0,0.0,0.0,0.0,0.0,0.0,8.449599039518376e-07,0.0,0.0,0.0,0.0,0.0,0.0,0.0,0.0,0.0,4.833140587254492e-09,0.0,0.0,0.0,0.0,0.0,0.0,0.0,0.0,0.0,4.58333337
0.03421941132658487,0.0,0.0,0.0,0.0,0.0,0.0,0.0,0.0,0.0,0.0013488669920775672,0.0,0.0,0.0,0.0,0.0,0.0,0.0,0.0,0.0,0,0,0,0,0,0,0,0,0,0,7.326165109663988e-05,0.0,0.0,0.0,0.0,0.0,0.0,0.0,0.0,0.0,8.499514079904893e-07,0.0,0.0,0.0,0.0,0.0,0.0,0.0,0.0,0.0,8.507254583662082e-07,0.0,0.0,0.0,0.0,0.0,0.0,0.0,0.0,0.0,4.8972123514452986e-09,0.0,0.0,0.0,0.0,0.0,0.0,0.0,0.0,0.0,4.6250000369999995
0.03478815087808477,0.0,0.0,0.0,0.0,0.0,0.0,0.0,0.0,0.0,0.001370272863298178,0.0,0.0,0.0,0.0,0.0,0.0,0.0,0.0,0.0,0,0,0,0,0,0,0,0,0,0,7.448601599835794e-05,0.0,0.0,0.0,0.0,0.0,0.0,0.0,0.0,0.0,8.576369221857146e-07,0.0,0.0,0.0,0.0,0.0,0.0,0.0,0.0,0.0,8.584359711344309e-07,0.0,0.0,0.0,0.0,0.0,0.0,0.0,0.0,0.0,4.9724094912753725e-09,0.0,0.0,0.0,0.0,0.0,0.0,0.0,0.0,0.0,4.666666704
0.035356841622156174,0.0,0.0,0.0,0.0,0.0,0.0,0.0,0.0,0.0,0.0013917113422751324,0.0,0.0,0.0,0.0,0.0,0.0,0.0,0.0,0.0,0,0,0,0,0,0,0,0,0,0,7.571027705346167e-05,0.0,0.0,0.0,0.0,0.0,0.0,0.0,0.0,0.0,8.559322011936787e-07,0.0,0.0,0.0,0.0,0.0,0.0,0.0,0.0,0.0,8.567458145188594e-07,0.0,0.0,0.0,0.0,0.0,0.0,0.0,0.0,0.0,5.047084332286481e-09,0.0,0.0,0.0,0.0,0.0,0.0,0.0,0.0,0.0,4.708333371
0.03592547433728591,0.0,0.0,0.0,0.0,0.0,0.0,0.0,0.0,0.0,0.0014131820808009107,0.0,0.0,0.0,0.0,0.0,0.0,0.0,0.0,0.0,0,0,0,0,0,0,0,0,0,0,7.693441426713688e-05,0.0,0.0,0.0,0.0,0.0,0.0,0.0,0.0,0.0,8.601739203488264e-07,0.0,0.0,0.0,0.0,0.0,0.0,0.0,0.0,0.0,8.609976093830391e-07,0.0,0.0,0.0,0.0,0.0,0.0,0.0,0.0,0.0,5.124997349026133e-09,0.0,0.0,0.0,0.0,0.0,0.0,0.0,0.0,0.0,4.750000038
0.03649404163854838,0.0,0.0,0.0,0.0,0.0,0.0,0.0,0.0,0.0,0.0014346848019729567,0.0,0.0,0.0,0.0,0.0,0.0,0.0,0.0,0.0,0,0,0,0,0,0,0,0,0,0,7.815841171746093e-05,0.0,0.0,0.0,0.0,0.0,0.0,0.0,0.0,0.0,8.650319372911024e-07,0.0,0.0,0.0,0.0,0.0,0.0,0.0,0.0,0.0,8.658616905285527e-07,0.0,0.0,0.0,0.0,0.0,0.0,0.0,0.0,0.0,5.1972981153188796e-09,0.0,0.0,0.0,0.0,0.0,0.0,0.0,0.0,0.0,4.791666705
0.037062536629051096,0.0,0.0,0.0,0.0,0.0,0.0,0.0,0.0,0.0,0.0014562192483921052,0.0,0.0,0.0,0.0,0.0,0.0,0.0,0.0,0.0,0,0,0,0,0,0,0,0,0,0,7.938225459581659e-05,0.0,0.0,0.0,0.0,0.0,0.0,0.0,0.0,0.0,8.707156115846734e-07,0.0,0.0,0.0,0.0,0.0,0.0,0.0,0.0,0.0,8.715493162679482e-07,0.0,0.0,0.0,0.0,0.0,0.0,0.0,0.0,0.0,5.270158308201401e-09,0.0,0.0,0.0,0.0,0.0,0.0,0.0,0.0,0.0,4.833333371999999
0.03763095013079352,0.0,0.0,0.0,0.0,0.0,0.0,0.0,0.0,0.0,0.0014777850742796882,0.0,0.0,0.0,0.0,0.0,0.0,0.0,0.0,0.0,0,0,0,0,0,0,0,0,0,0,8.06059231249822e-05,0.0,0.0,0.0,0.0,0.0,0.0,0.0,0.0,0.0,8.764600453228988e-07,0.0,0.0,0.0,0.0,0.0,0.0,0.0,0.0,0.0,8.77296024564391e-07,0.0,0.0,0.0,0.0,0.0,0.0,0.0,0.0,0.0,5.343951237229971e-09,0.0,0.0,0.0,0.0,0.0,0.0,0.0,0.0,0.0,4.875000039
0.03819927203458669,0.0,0.0,0.0,0.0,0.0,0.0,0.0,0.0,0.0,0.001499304721631587,0.0,0.0,0.0,0.0,0.0,0.0,0.0,0.0,0.0,0,0,0,0,0,0,0,0,0,0,8.182939553774023e-05,0.0,0.0,0.0,0.0,0.0,0.0,0.0,0.0,0.0,8.818712352497673e-07,0.0,0.0,0.0,0.0,0.0,0.0,0.0,0.0,0.0,8.827098832742307e-07,0.0,0.0,0.0,0.0,0.0,0.0,0.0,0.0,0.0,5.417243699279117e-09,0.0,0.0,0.0,0.0,0.0,0.0,0.0,0.0,0.0,4.916666706
0.03898931193604487,0.0,0.0,0.0,0.0,0.0,0.0,0.0,0.0,0.0,0.0015250592052790432,0.0,0.0,0.0,0.0,0.0,0.0,0.0,0.0,0.0,0,0,0,0,0,0,0,0,0,0,8.340785213897289e-05,0.0,0.0,0.0,0.0,0.0,0.0,0.0,0.0,0.0,8.885923960776095e-07,0.0,0.0,0.0,0.0,0.0,0.0,0.0,0.0,0.0,8.89464125221344e-07,0.0,0.0,0.0,0.0,0.0,0.0,0.0,0.0,0.0,5.485237102826957e-09,0.0,0.0,0.0,0.0,0.0,0.0,0.0,0.0,0.0,4.958333372999999
